session_id,station_id,start_time,charging_duration,average_power_kw,total_energy_kwh,number_of_interruptions,error_flag,label
3e3d4f3c-a8a,STATION_004,2023-10-18 23:37:00,68.85,11.23,11.31,1,0,0
95e28d76-ea0,STATION_011,2023-12-18 21:10:00,46.45,10.31,7.88,0,0,0
9520628a-6f4,STATION_016,2023-10-17 23:08:00,99.99,13.26,20.33,0,0,0
ae032e63-724,STATION_004,2023-11-25 20:48:00,99.76,12.46,20.47,0,0,0
863b8860-819,STATION_008,2023-10-28 14:33:00,73.33,10.98,12.51,0,0,0
df9fcfcc-8e9,STATION_016,2023-12-15 04:03:00,60.51,12.89,11.65,0,0,0
2746ea87-252,STATION_006,2023-12-11 21:46:00,88.39,12.49,17.67,0,0,0
6b15b7fa-aec,STATION_016,2023-12-26 16:48:00,39.67,13.67,9.17,1,0,0
dcb41f60-866,STATION_012,2023-11-02 04:37:00,109.91,11.3,17.64,0,0,0
9b94caea-df9,STATION_019,2023-10-26 06:22:00,104.58,10.12,15.14,1,0,0
270ce449-4ab,STATION_020,2023-10-20 17:57:00,92.54,7.77,12.59,0,0,0
c95b40fb-74d,STATION_001,2023-12-08 04:50:00,109.54,6.68,11.64,0,0,0
2768631c-f11,STATION_017,2023-10-23 08:12:00,77.23,11.81,15.03,2,0,0
b99fc31c-cab,STATION_011,2023-11-14 16:22:00,119.23,7.77,16.23,0,0,0
8e6573ac-fb9,STATION_020,2023-10-19 15:09:00,43.56,11.48,8.89,0,0,0
1c3e3d31-887,STATION_014,2023-10-12 23:36:00,21.92,9.86,5.0,0,0,0
f5a3629c-824,STATION_020,2023-11-29 10:05:00,52.4,12.65,10.67,0,0,0
1226bb54-e46,STATION_005,2023-11-13 22:31:00,67.13,13.91,13.81,0,0,0
7f33fe76-193,STATION_006,2023-12-01 20:42:00,43.33,10.98,6.92,0,0,0
85e900ef-ff7,STATION_015,2023-11-14 20:53:00,84.48,10.45,14.64,0,0,0
3545905d-0fd,STATION_012,2023-10-27 13:22:00,18.61,13.89,5.0,0,0,0
df9cb8f2-472,STATION_005,2023-11-19 03:35:00,115.34,12.06,25.07,1,0,0
8695fc19-020,STATION_010,2023-11-26 22:52:00,46.16,4.82,5.0,0,0,0
fc26f838-ba6,STATION_005,2023-11-02 23:14:00,21.89,6.91,5.0,0,0,0
063c7dc8-a14,STATION_010,2023-12-18 13:43:00,100.56,14.95,24.7,0,0,0
a26ed2a9-c80,STATION_017,2023-11-29 08:49:00,49.17,7.35,6.47,0,0,0
12955471-cb4,STATION_020,2023-12-30 05:20:00,117.9,3.0,6.75,0,0,0
8516168a-02c,STATION_006,2023-11-01 10:10:00,68.61,12.27,12.43,0,0,0
c9540a03-a4c,STATION_011,2023-10-30 13:30:00,91.51,11.72,18.03,0,0,0
9b84271a-4e3,STATION_020,2023-12-05 15:45:00,83.48,9.97,12.83,0,0,0
1ba643b6-9ef,STATION_014,2023-11-13 23:52:00,17.61,5.53,5.0,0,0,0
1d20b01d-017,STATION_019,2023-11-30 06:20:00,32.06,11.26,6.33,0,0,0
6408e1a8-b76,STATION_006,2023-12-23 18:52:00,99.06,9.52,13.85,0,0,0
f5fd7ea6-6a2,STATION_012,2023-12-12 23:40:00,51.43,15.31,13.06,1,0,0
4de5b91d-5fc,STATION_008,2023-10-21 03:16:00,112.59,14.99,25.31,0,0,0
0a1d72fc-50f,STATION_011,2023-10-27 12:49:00,113.65,11.86,24.19,0,0,0
0fdae08d-aa1,STATION_014,2023-10-06 07:11:00,105.41,9.48,15.25,2,0,0
ca2dcb73-e7c,STATION_018,2023-12-22 14:22:00,99.7,11.38,20.65,0,1,0
77aa04ec-69c,STATION_015,2023-12-11 08:07:00,38.48,13.2,9.64,0,0,0
44ebdab0-2bc,STATION_019,2023-11-08 16:39:00,46.33,8.83,6.54,0,0,0
4e19e56e-179,STATION_013,2023-11-03 23:24:00,60.17,9.86,8.69,1,0,0
3684d7d8-c87,STATION_004,2023-12-09 13:55:00,113.38,13.77,29.8,1,0,0
c2033679-559,STATION_003,2023-12-17 08:25:00,103.72,12.23,21.0,0,0,0
10903281-4e7,STATION_009,2023-10-20 14:01:00,93.22,80.33,161.7,0,0,1
aa92a249-377,STATION_013,2023-11-25 18:37:00,97.11,9.98,16.37,0,0,0
ff94ea05-5fd,STATION_011,2023-10-08 03:13:00,68.86,12.08,13.35,0,0,0
7d48efb2-106,STATION_002,2023-12-31 05:59:00,41.38,12.27,8.01,0,0,0
746006b5-c47,STATION_016,2023-10-14 13:43:00,63.01,14.51,15.46,1,0,0
464269bb-180,STATION_014,2023-10-13 03:12:00,98.01,11.96,17.15,0,0,0
e3398446-246,STATION_013,2023-12-23 04:25:00,91.97,8.22,13.04,0,0,0
9483dab3-98c,STATION_016,2023-12-22 05:31:00,18.91,8.39,5.0,0,0,0
5ff8530e-b3e,STATION_002,2023-11-07 23:45:00,116.81,13.7,29.51,0,0,0
4d8b398d-9d8,STATION_008,2023-11-28 09:17:00,65.95,14.11,16.8,0,0,0
d8e2897e-357,STATION_009,2023-10-21 14:44:00,45.55,10.82,9.13,1,0,0
132e0aa4-4e2,STATION_007,2023-11-24 22:23:00,65.4,9.72,10.35,1,0,0
927f5346-90a,STATION_016,2023-12-13 18:41:00,27.54,14.02,6.62,0,0,0
57b8b03d-e1c,STATION_016,2023-11-25 09:17:00,103.95,8.9,17.34,1,0,0
050dff58-46c,STATION_006,2023-10-03 20:22:00,103.4,16.02,25.01,1,0,0
5402d83d-246,STATION_018,2023-10-06 09:28:00,52.21,14.22,13.12,0,0,0
ca8c1081-d13,STATION_017,2023-11-30 03:40:00,79.13,13.08,15.7,0,0,0
da89c2d2-20c,STATION_015,2023-10-27 10:08:00,109.47,13.12,23.5,0,0,0
a93c1039-bd4,STATION_017,2023-12-09 13:44:00,58.88,7.97,7.71,1,0,0
0d4bb54d-e6b,STATION_005,2023-12-04 12:20:00,96.44,6.16,31.32,0,1,1
a1014a13-b99,STATION_010,2023-10-04 14:40:00,15.98,13.49,5.0,0,0,0
8379c244-e4f,STATION_010,2023-12-22 20:53:00,94.76,11.84,16.95,0,0,0
277d043c-194,STATION_015,2023-10-12 16:21:00,58.27,14.9,14.68,1,0,0
67c0d09a-c9f,STATION_013,2023-12-16 15:27:00,85.07,10.67,15.68,0,0,0
99ce2683-0a7,STATION_010,2023-10-12 17:28:00,89.13,9.24,13.49,1,0,0
4260f3aa-ce4,STATION_014,2023-12-03 21:13:00,23.26,7.48,5.0,0,0,0
37a55912-9ca,STATION_006,2023-12-15 05:42:00,63.14,8.96,9.94,0,0,0
636eb75b-a30,STATION_011,2023-12-31 11:10:00,118.77,10.71,20.84,0,0,0
8a016017-83c,STATION_002,2023-10-09 21:10:00,20.54,10.76,5.0,0,0,0
2b30c236-36b,STATION_015,2023-10-11 12:39:00,54.16,8.64,6.72,0,1,1
88b12296-933,STATION_016,2023-10-28 00:37:00,46.24,11.09,8.04,0,0,0
b06056aa-ff2,STATION_009,2023-10-26 22:49:00,18.66,7.48,5.0,1,0,0
3b710a6b-05f,STATION_001,2023-10-09 11:33:00,23.16,10.3,5.0,1,0,0
4c0f4cd1-f58,STATION_008,2023-11-08 09:24:00,103.18,10.23,17.86,0,0,0
545ec2c4-4e8,STATION_010,2023-11-13 05:59:00,44.53,8.63,6.24,0,1,0
a6325a9e-3b6,STATION_011,2023-10-31 03:46:00,30.66,12.59,6.13,1,0,0
4e737e4c-565,STATION_004,2023-10-04 10:11:00,19.88,12.81,5.0,0,0,0
52688e04-059,STATION_020,2023-11-12 21:18:00,81.19,10.92,13.86,0,0,0
5bff33ff-717,STATION_016,2023-10-23 05:31:00,49.28,8.03,6.35,0,0,0
c954bc26-6da,STATION_005,2023-12-11 06:14:00,108.86,14.29,29.25,1,0,0
57cded89-0e1,STATION_015,2023-10-07 18:09:00,50.9,9.01,6.88,0,0,0
04294d39-cd6,STATION_006,2023-12-22 17:35:00,93.3,12.62,22.12,1,0,0
4ca72fa8-e9a,STATION_018,2023-10-17 14:18:00,43.05,8.64,5.9,0,0,0
b5ea6a7c-03e,STATION_019,2023-12-04 16:47:00,71.95,7.57,7.72,1,0,0
a236616e-76b,STATION_006,2023-11-03 19:28:00,70.77,13.91,18.56,0,0,0
19db19a3-c81,STATION_009,2023-10-03 08:25:00,107.52,16.15,26.82,0,0,0
c667a577-bc9,STATION_017,2023-11-29 15:18:00,103.64,12.91,21.35,0,0,0
d4068520-c74,STATION_007,2023-11-16 11:21:00,108.21,8.52,13.73,1,0,0
1113aae8-747,STATION_018,2023-12-23 18:38:00,43.23,11.88,8.94,1,0,0
196ab639-d89,STATION_018,2023-12-09 14:26:00,51.61,12.28,11.64,0,0,0
4acb0e81-d08,STATION_019,2023-12-04 03:07:00,108.58,13.23,23.97,0,0,0
63cec636-121,STATION_006,2023-10-16 17:33:00,83.9,16.3,21.99,0,0,0
8c78d095-0f0,STATION_007,2023-12-04 05:18:00,22.48,8.59,5.0,0,0,0
c72d2c6b-13d,STATION_012,2023-10-21 19:19:00,59.38,9.64,10.2,0,0,0
08785661-7cf,STATION_017,2023-10-30 07:05:00,109.95,13.54,21.47,0,0,0
ca509977-128,STATION_014,2023-11-30 18:13:00,55.49,11.21,11.73,0,0,0
4263a56e-e26,STATION_019,2023-10-31 21:32:00,28.3,9.11,5.0,0,0,0
2409f17d-2a5,STATION_008,2023-11-30 19:44:00,104.19,15.16,26.39,0,0,0
6d9cc07c-0a3,STATION_016,2023-11-22 11:38:00,94.43,6.39,10.4,0,0,0
d5d22625-cf8,STATION_012,2023-11-08 17:34:00,54.3,14.46,14.84,2,0,0
08d99911-6e3,STATION_015,2023-12-06 23:05:00,94.14,11.19,18.59,1,0,0
a110faad-98a,STATION_003,2023-12-03 06:41:00,63.88,9.29,8.85,0,0,0
a025f775-56a,STATION_009,2023-12-07 23:59:00,67.52,12.48,15.26,0,0,0
8250007e-ca6,STATION_019,2023-11-24 18:09:00,42.28,10.73,8.44,1,0,0
bdbcb2e2-f3b,STATION_003,2023-10-12 15:59:00,96.66,11.31,17.45,0,0,0
84085a02-d41,STATION_013,2023-11-03 07:25:00,118.1,13.11,29.28,0,0,0
e5ca89fd-0e7,STATION_005,2023-12-13 01:02:00,95.49,11.84,19.98,0,0,0
cde0fd3d-268,STATION_004,2023-10-11 19:42:00,78.4,9.37,12.93,0,0,0
922452b4-2ef,STATION_016,2023-11-25 03:46:00,18.19,12.88,5.0,0,0,0
9f84f5e4-40f,STATION_019,2023-10-04 09:39:00,43.77,9.39,7.56,0,0,0
37fb849c-ea2,STATION_010,2023-12-19 20:05:00,21.0,14.44,5.0,0,0,0
f69e2f51-454,STATION_013,2023-12-29 10:06:00,67.21,10.71,10.26,0,0,0
f978e1d7-85f,STATION_002,2023-11-18 18:19:00,93.97,10.21,14.54,0,0,0
a50ae39f-29b,STATION_008,2023-10-04 10:57:00,79.87,10.51,15.54,0,0,0
52d24bec-21a,STATION_006,2023-12-17 22:26:00,116.27,13.62,28.45,0,0,0
55d5780e-0b3,STATION_013,2023-11-26 02:47:00,99.02,13.81,25.28,0,0,0
a1964908-af9,STATION_016,2023-12-12 10:58:00,25.15,11.68,5.0,1,0,0
dd445322-bec,STATION_011,2023-12-02 13:59:00,51.8,9.13,7.57,0,0,0
1abf2892-4af,STATION_002,2023-12-06 03:33:00,59.85,8.21,8.13,1,0,0
909c66a0-e71,STATION_008,2023-10-31 09:44:00,75.65,14.25,19.69,0,0,0
88e78467-61d,STATION_005,2023-10-16 07:11:00,67.07,10.4,10.16,0,0,0
05a99c53-dd8,STATION_020,2023-10-03 17:40:00,61.98,18.45,19.28,1,0,0
45678983-5d9,STATION_003,2023-10-07 12:59:00,86.02,8.35,10.64,0,0,0
d7862522-b26,STATION_018,2023-10-31 04:14:00,20.46,9.67,5.0,0,0,0
b6137136-1fb,STATION_009,2023-12-05 13:56:00,114.07,11.14,23.74,1,0,0
42ebd733-1b0,STATION_011,2023-10-12 16:26:00,22.83,6.25,5.0,1,1,0
bc3ac373-40f,STATION_002,2023-11-21 15:38:00,118.03,14.18,26.91,1,0,0
701e2078-a1e,STATION_017,2023-10-16 20:42:00,48.22,5.78,15.93,0,0,1
9ff17fa1-77f,STATION_013,2023-11-04 06:58:00,119.28,9.79,20.98,1,0,0
bcae5c8a-02e,STATION_006,2023-11-28 07:24:00,43.59,5.87,5.0,1,0,0
5ddef15a-268,STATION_018,2023-10-16 19:39:00,48.33,11.25,7.98,1,0,0
95beb6f5-388,STATION_007,2023-11-22 17:40:00,58.71,13.1,11.05,0,0,0
c1dc58b3-2a9,STATION_006,2023-12-12 19:38:00,97.36,6.98,12.13,0,0,0
27a49bce-32f,STATION_009,2023-10-07 22:01:00,40.29,10.55,6.3,0,0,0
89b5c2cb-e9b,STATION_013,2023-12-04 23:12:00,107.71,11.81,19.32,0,0,0
b47ae61f-231,STATION_020,2023-11-20 13:00:00,17.37,12.82,5.0,0,0,0
1fe13623-4e0,STATION_009,2023-11-16 06:35:00,111.34,9.89,17.2,0,0,0
6827b940-df3,STATION_010,2023-10-20 04:21:00,116.65,10.43,19.95,0,0,0
ec363c38-73b,STATION_020,2023-10-10 21:09:00,113.37,14.62,29.56,0,0,0
4062b12d-2a0,STATION_008,2023-11-22 07:17:00,86.31,10.98,13.83,0,0,0
67f819e7-af0,STATION_011,2023-11-23 15:57:00,92.73,13.26,19.35,1,0,0
e8e1ddf4-c6c,STATION_014,2023-12-29 22:28:00,97.63,10.53,17.16,0,0,0
5967fba0-071,STATION_020,2023-10-25 13:59:00,72.3,9.04,11.7,0,0,0
8f5127c9-29f,STATION_005,2023-12-20 04:02:00,109.03,11.97,24.7,0,0,0
6e7b9613-256,STATION_002,2023-10-21 13:19:00,31.19,13.31,7.66,0,0,0
3a4b7e24-6e0,STATION_010,2023-11-16 19:11:00,45.44,13.46,11.28,0,0,0
8a859804-60a,STATION_019,2023-10-19 13:27:00,76.8,13.49,19.81,1,0,0
33fe9896-6aa,STATION_006,2023-11-30 01:57:00,51.23,10.92,9.7,0,0,0
24011a78-459,STATION_020,2023-10-20 09:57:00,76.91,12.68,17.59,0,0,0
3cc12c7f-dfd,STATION_016,2023-12-15 15:55:00,107.12,9.61,16.12,0,0,0
2811283b-82a,STATION_007,2023-10-03 20:06:00,67.96,12.22,13.82,0,0,0
53aa3d86-f00,STATION_014,2023-12-24 05:15:00,66.82,9.88,10.29,1,0,0
1ded09a7-e04,STATION_016,2023-10-22 15:47:00,85.74,14.94,21.03,1,0,0
75eb5e87-888,STATION_003,2023-11-30 01:22:00,112.47,8.28,16.33,0,1,0
663dac96-d90,STATION_009,2023-10-29 16:41:00,23.6,10.81,5.0,0,0,0
33ffb00e-c4c,STATION_006,2023-11-07 21:48:00,33.27,13.09,6.95,0,0,0
6c7bb8a9-82f,STATION_006,2023-10-27 04:33:00,103.44,12.69,18.93,0,0,0
bb82f1be-9e2,STATION_019,2023-11-09 21:02:00,43.86,11.79,7.41,0,0,0
9dda55b0-ccc,STATION_001,2023-11-18 00:16:00,34.38,13.85,7.19,1,0,0
3ae80116-5b7,STATION_015,2023-11-11 02:51:00,106.1,12.55,20.41,0,0,0
ec577482-bd2,STATION_020,2023-10-25 13:48:00,110.64,6.95,14.49,0,0,0
e90625ea-e6a,STATION_008,2023-10-12 04:34:00,73.51,13.7,18.01,0,0,0
30dbecc9-c22,STATION_018,2023-11-24 01:02:00,23.14,13.06,5.0,0,0,0
392bb199-d90,STATION_002,2023-12-25 11:26:00,53.53,11.95,12.2,0,0,0
b34da0a3-b8b,STATION_016,2023-10-28 03:15:00,15.35,5.42,5.0,0,0,0
588a68e0-774,STATION_011,2023-12-16 23:52:00,23.49,7.03,5.0,0,0,0
ce9e703e-a68,STATION_012,2023-12-27 07:13:00,94.48,11.0,17.19,1,0,0
3765fffb-976,STATION_020,2023-12-22 01:20:00,52.28,9.35,8.1,0,0,0
e64068ec-c0f,STATION_006,2023-11-03 09:08:00,25.43,11.84,5.0,1,0,0
7a43fe92-325,STATION_008,2023-11-01 23:59:00,108.12,11.93,18.49,0,0,0
91b1f326-d0c,STATION_006,2023-11-11 21:00:00,76.68,14.12,18.2,0,0,0
ca020648-d01,STATION_016,2023-11-01 07:51:00,192.51,9.96,31.35,0,0,1
0a51bc81-ab2,STATION_009,2023-11-28 11:37:00,76.84,15.27,19.68,1,0,0
1dc0f6cb-691,STATION_007,2023-12-03 09:58:00,65.23,12.5,12.7,1,0,0
95d0814c-017,STATION_013,2023-10-08 02:04:00,91.24,9.9,15.2,0,0,0
a35eeaa5-6bc,STATION_004,2023-10-17 07:22:00,52.84,12.51,9.59,1,0,0
241da383-69c,STATION_006,2023-11-06 10:17:00,70.79,8.8,11.1,1,0,0
b461c8be-b46,STATION_010,2023-10-30 09:19:00,77.63,13.68,19.37,0,0,0
fc665b00-ad7,STATION_019,2023-11-07 04:04:00,17.42,3.68,5.0,1,0,0
2b6813ea-498,STATION_001,2023-12-10 00:02:00,87.23,10.44,16.13,0,0,0
7a4846a1-d21,STATION_004,2023-12-25 05:12:00,101.65,9.12,16.67,0,0,0
47c01e4d-79c,STATION_013,2023-10-23 10:24:00,100.54,6.32,9.81,0,0,0
27a29711-57f,STATION_004,2023-11-24 03:14:00,73.87,12.83,13.88,0,0,0
f7694859-48d,STATION_001,2023-10-30 06:49:00,47.18,8.19,7.33,1,0,0
2474bad1-422,STATION_016,2023-11-11 15:24:00,48.69,14.21,11.86,1,0,0
eee143d5-b6d,STATION_006,2023-10-25 04:58:00,96.04,13.5,21.08,1,0,0
f705b459-5a2,STATION_015,2023-12-01 09:21:00,67.99,14.17,13.68,0,0,0
b3d3ac2f-292,STATION_020,2023-11-11 16:40:00,100.46,58.21,113.37,0,0,1
1ab09c85-5a0,STATION_001,2023-11-29 05:18:00,84.16,10.39,14.95,1,0,0
65ead748-49d,STATION_009,2023-10-05 11:35:00,56.64,11.22,9.35,0,0,0
8638e2e9-268,STATION_005,2023-10-23 07:18:00,27.28,11.96,5.0,0,0,0
3265beba-180,STATION_005,2023-12-04 14:22:00,68.73,8.08,9.11,0,0,0
60c5dfe5-462,STATION_004,2023-11-27 07:44:00,85.24,13.16,20.74,0,0,0
e35aebcb-cc5,STATION_015,2023-12-10 20:48:00,73.24,12.28,14.82,0,0,0
577d1b44-48e,STATION_015,2023-10-17 19:31:00,42.24,4.62,5.0,0,0,0
3fd74a66-bbd,STATION_005,2023-10-10 10:35:00,103.39,12.01,18.85,0,0,0
a5722056-743,STATION_019,2023-12-07 02:03:00,23.57,9.33,5.0,0,0,0
5e2b324f-d76,STATION_009,2023-11-17 22:53:00,38.11,16.55,9.24,0,0,0
600e5264-df0,STATION_008,2023-12-30 15:14:00,69.57,10.5,13.64,0,0,0
36db1afb-22a,STATION_002,2023-10-07 19:57:00,44.74,5.02,5.0,0,0,0
03adc97d-547,STATION_012,2023-12-30 18:44:00,70.96,6.35,7.11,0,0,0
19801c0d-9c6,STATION_012,2023-10-08 02:36:00,223.82,9.03,34.74,0,0,1
27ac03a0-a57,STATION_017,2023-10-20 04:59:00,52.36,10.13,8.07,1,0,0
e4b4593c-967,STATION_018,2023-10-29 18:37:00,85.77,14.16,17.58,0,0,0
1cd910bf-5f5,STATION_016,2023-12-02 14:23:00,20.27,11.48,5.0,0,0,0
a51c39c0-405,STATION_020,2023-12-24 15:13:00,59.04,16.07,17.14,0,0,0
4ce56237-cd3,STATION_006,2023-12-14 14:33:00,69.5,7.47,9.9,0,0,0
b79a4801-c6a,STATION_009,2023-12-25 20:03:00,86.72,10.38,16.55,0,0,0
cff3a446-282,STATION_012,2023-12-16 01:21:00,87.97,6.44,8.05,0,0,0
1c824c4c-f53,STATION_009,2023-11-01 15:57:00,104.85,8.8,16.9,0,0,0
de16cafe-2c4,STATION_016,2023-10-10 14:44:00,21.56,14.15,5.06,0,0,0
fa168ede-bdb,STATION_016,2023-11-03 03:42:00,34.03,10.31,6.22,0,0,0
7d85f3b4-6c7,STATION_011,2023-12-15 01:54:00,29.6,8.62,5.0,0,0,0
77d336ed-24c,STATION_010,2023-12-30 07:31:00,44.77,10.55,8.39,0,0,0
df8022c5-aac,STATION_003,2023-11-01 15:09:00,18.08,10.88,5.0,0,0,0
c901e4e1-87a,STATION_006,2023-12-14 18:00:00,36.45,6.77,5.0,2,0,0
e3564bd4-dab,STATION_017,2023-12-03 11:02:00,45.37,10.72,9.05,0,0,0
ffe4d4ef-34d,STATION_001,2023-10-05 09:01:00,78.85,13.47,15.53,0,0,0
f5981762-30a,STATION_003,2023-11-20 03:26:00,44.67,6.3,5.0,0,0,0
742481dc-2ce,STATION_013,2023-11-29 18:37:00,66.99,18.58,22.77,0,0,0
a5a8e5ef-9eb,STATION_001,2023-11-06 21:07:00,86.96,7.41,10.23,0,0,0
8783ce67-c4e,STATION_004,2023-12-18 06:34:00,60.32,12.14,12.28,1,0,0
aa59e907-a2d,STATION_019,2023-10-20 23:19:00,105.47,13.81,24.98,1,0,0
8d6083f8-125,STATION_009,2023-12-02 02:40:00,61.06,13.01,14.36,1,0,0
beb78430-7de,STATION_015,2023-11-16 04:42:00,44.37,14.64,12.03,1,0,0
5391fdcb-42c,STATION_007,2023-10-22 18:29:00,92.84,11.7,18.26,0,0,0
7f0f992f-aa3,STATION_001,2023-10-30 19:52:00,29.11,6.02,5.0,1,0,0
7c8a7e72-725,STATION_003,2023-10-31 02:50:00,115.17,11.35,19.72,0,0,0
b6347739-9fa,STATION_020,2023-11-17 09:15:00,21.42,8.06,5.0,0,0,0
736a7b65-a4e,STATION_006,2023-12-20 05:24:00,60.66,10.71,10.01,1,0,0
e32a26dd-bf4,STATION_002,2023-10-29 18:52:00,86.03,12.92,17.93,0,0,0
9b4591f0-8d8,STATION_010,2023-12-25 14:25:00,61.28,7.8,7.4,1,0,0
c28bd943-8d9,STATION_020,2023-12-06 20:15:00,26.75,12.95,5.52,2,0,0
e8d87944-f09,STATION_012,2023-12-10 03:02:00,110.57,12.09,19.97,0,0,0
46a1455a-97e,STATION_005,2023-11-17 20:44:00,86.5,12.37,16.89,1,0,0
7787ed19-7b4,STATION_001,2023-12-05 01:28:00,29.62,12.53,6.25,1,0,0
058bcedf-68c,STATION_008,2023-10-17 02:49:00,106.2,11.11,17.09,1,0,0
fa661f04-b8d,STATION_017,2023-10-26 17:03:00,27.31,8.31,5.0,0,0,0
b383aedf-24a,STATION_015,2023-11-03 02:10:00,43.47,14.05,11.54,0,0,0
23cf6317-e4c,STATION_003,2023-12-24 01:47:00,89.56,11.64,18.24,0,0,0
d7fd1487-477,STATION_014,2023-11-08 17:15:00,45.04,11.35,9.58,0,0,0
f49d4e91-a8a,STATION_012,2023-10-27 15:37:00,106.57,14.01,25.09,0,0,0
ef177f5c-17e,STATION_020,2023-11-13 10:23:00,32.44,75.85,51.7,0,0,1
4d84264f-78b,STATION_003,2023-12-02 02:25:00,62.55,10.44,12.34,0,0,0
35d57147-e5f,STATION_017,2023-12-15 03:11:00,15.63,6.85,5.0,0,0,0
a8264a33-df9,STATION_002,2023-12-19 10:50:00,42.28,14.28,9.32,1,0,0
01f39b16-b02,STATION_002,2023-10-27 21:21:00,103.59,12.83,20.51,0,0,0
adfa662e-884,STATION_017,2023-10-14 06:38:00,62.48,11.51,12.84,0,0,0
dc538c36-ff6,STATION_019,2023-12-31 16:29:00,20.81,12.32,5.0,0,0,0
36e10c27-262,STATION_018,2023-11-15 07:32:00,81.77,12.96,18.19,0,0,0
6b542711-3f0,STATION_019,2023-11-15 04:47:00,17.85,12.62,5.0,1,0,0
e0b21d33-e4b,STATION_020,2023-12-07 22:04:00,42.07,11.37,7.59,2,0,0
1e2da1e1-934,STATION_011,2023-10-15 02:30:00,41.0,13.28,10.34,0,0,0
3401cbb1-a8b,STATION_004,2023-11-05 11:38:00,118.26,6.85,14.89,0,0,0
227a0c31-752,STATION_009,2023-10-05 16:54:00,91.7,11.98,19.12,1,0,0
521c1327-b0a,STATION_013,2023-11-21 09:16:00,77.78,7.97,9.63,1,0,0
bb7f46f0-50f,STATION_018,2023-11-19 08:28:00,90.04,9.8,16.45,2,0,0
64881108-c73,STATION_008,2023-12-27 10:25:00,56.62,10.23,3.38,3,0,1
09002ada-c23,STATION_013,2023-11-30 10:09:00,105.17,9.83,17.81,0,0,0
fe1a0c48-4d6,STATION_005,2023-10-31 20:39:00,36.31,15.22,9.46,0,0,0
4ab7dd18-519,STATION_016,2023-12-05 04:49:00,103.71,10.21,16.32,0,0,0
b3c1eaa8-7c0,STATION_008,2023-12-24 19:01:00,92.48,11.42,19.37,0,0,0
c240a52b-d2d,STATION_008,2023-10-22 17:58:00,91.97,15.34,26.98,0,0,0
71c47a2c-cef,STATION_016,2023-12-09 21:45:00,252.33,3.56,13.78,1,0,1
e9f72cab-527,STATION_009,2023-11-09 10:11:00,93.35,9.61,15.12,0,0,0
31a9955b-b0c,STATION_011,2023-12-26 14:02:00,24.46,6.01,0.66,2,1,1
5ea14f58-0e4,STATION_006,2023-10-08 07:19:00,55.23,6.36,5.23,10,0,1
0c6da148-73f,STATION_015,2023-10-23 09:47:00,77.81,11.57,14.65,0,0,0
759feb8e-0ed,STATION_002,2023-10-22 07:07:00,77.5,12.48,16.04,0,0,0
c2f100bb-17d,STATION_014,2023-11-09 21:01:00,119.43,5.65,12.54,1,0,0
dc23997f-6b8,STATION_012,2023-12-16 07:16:00,49.21,9.51,6.93,0,0,0
dfe1c498-8c8,STATION_009,2023-12-30 20:38:00,388.27,13.62,96.83,0,1,1
f0c86799-d1b,STATION_008,2023-11-26 06:01:00,97.67,13.3,21.07,1,0,0
44eb9623-115,STATION_020,2023-12-28 15:47:00,98.48,12.7,19.92,0,0,1
fea9a4cf-868,STATION_011,2023-11-14 22:21:00,110.71,6.43,10.18,0,1,0
c792e057-92d,STATION_019,2023-11-17 12:56:00,111.33,16.39,33.33,0,0,0
be30ee8e-6e1,STATION_002,2023-12-23 07:50:00,95.06,7.48,11.43,0,0,0
005d4584-c82,STATION_017,2023-11-04 04:49:00,48.94,10.3,8.45,0,0,0
f8af57d1-d2e,STATION_006,2023-10-15 00:48:00,67.45,18.95,20.91,0,0,0
804004dc-8fd,STATION_003,2023-12-23 03:43:00,90.36,13.43,23.12,0,0,0
b5635617-0d8,STATION_004,2023-11-29 00:22:00,94.73,10.5,14.58,1,0,0
8428a2a7-a21,STATION_012,2023-10-19 01:03:00,111.88,4.8,9.6,0,0,0
a7c3251e-34e,STATION_001,2023-12-25 12:19:00,43.71,10.12,7.9,0,0,0
17080219-2bc,STATION_008,2023-10-27 18:30:00,24.7,9.77,5.0,1,0,0
f1be2384-09d,STATION_008,2023-12-12 18:58:00,114.62,11.51,18.85,0,0,0
346c0afe-20b,STATION_020,2023-12-19 23:27:00,43.41,8.22,5.5,1,0,0
e6df6baa-b1b,STATION_013,2023-12-04 03:03:00,42.73,15.26,12.3,0,0,0
b474e112-c0f,STATION_009,2023-10-22 20:41:00,74.28,11.94,13.75,1,0,0
bb9be3fb-8cc,STATION_007,2023-11-25 08:34:00,26.33,11.12,4.71,2,0,1
fccc7779-9ad,STATION_013,2023-10-07 13:42:00,59.72,13.04,14.02,0,0,0
b170f57f-00d,STATION_010,2023-12-22 13:08:00,26.11,8.22,5.0,1,0,0
306141d2-b1f,STATION_018,2023-12-30 23:14:00,36.83,7.98,5.0,0,0,0
ea33fe1f-dd9,STATION_007,2023-11-19 06:17:00,79.09,14.84,16.77,0,0,0
55d29221-dcc,STATION_017,2023-11-14 19:13:00,37.86,12.62,8.29,0,0,0
1a8b9926-df3,STATION_005,2023-11-01 19:18:00,19.74,10.1,5.0,0,0,0
2b1d8c18-f93,STATION_004,2023-11-21 14:20:00,101.18,13.63,23.77,1,0,0
70fca443-bcb,STATION_011,2023-11-26 16:20:00,109.77,88.14,184.15,1,0,1
abb8bc21-8cf,STATION_013,2023-12-09 10:53:00,39.37,12.16,7.26,0,0,0
05269075-f07,STATION_007,2023-10-25 05:19:00,18.67,13.92,5.0,0,0,0
bb9ad9b3-79d,STATION_012,2023-12-20 19:13:00,114.97,10.57,19.28,2,0,0
17830113-940,STATION_005,2023-11-07 16:42:00,114.12,7.89,12.97,2,0,0
2ea0dd72-420,STATION_020,2023-10-11 14:36:00,57.31,14.5,12.49,0,0,0
39542c74-a4c,STATION_009,2023-12-30 02:20:00,81.12,16.19,21.33,0,0,0
c2cecbae-591,STATION_010,2023-12-15 10:30:00,114.15,11.4,21.52,1,0,0
d89b746d-958,STATION_001,2023-12-26 06:05:00,79.12,12.92,15.26,0,0,0
7f50e59b-226,STATION_001,2023-10-16 00:20:00,24.79,7.98,5.0,0,0,0
900b9e2f-812,STATION_011,2023-10-13 05:44:00,45.06,16.58,10.68,1,0,0
403d4fa8-2d3,STATION_010,2023-11-04 16:40:00,48.12,9.67,8.19,0,0,0
1dc99813-d92,STATION_018,2023-12-02 05:53:00,55.27,7.46,6.86,1,1,0
da39c3df-a45,STATION_008,2023-10-18 09:21:00,117.0,6.06,10.78,14,1,1
ee94457d-dc9,STATION_016,2023-11-11 23:58:00,100.31,7.38,11.98,0,0,0
3aa78820-27a,STATION_017,2023-10-09 04:06:00,92.76,11.58,19.0,0,0,0
e6df555d-9c8,STATION_009,2023-10-21 22:48:00,32.82,15.23,7.95,9,0,1
c36e2d11-545,STATION_016,2023-11-03 04:28:00,15.88,13.33,5.0,0,0,0
6dc4ee75-402,STATION_008,2023-12-05 00:59:00,351.57,10.88,60.99,1,0,1
603f6a46-1f4,STATION_017,2023-12-16 01:30:00,55.6,19.25,18.71,0,0,0
d820abe9-668,STATION_003,2023-12-28 09:23:00,15.4,8.23,5.0,1,0,0
9fd85a80-524,STATION_008,2023-12-04 19:44:00,66.33,11.88,13.4,0,0,0
158ff2b1-34c,STATION_013,2023-11-22 10:26:00,19.79,10.94,5.0,0,0,0
477bd99e-f3b,STATION_018,2023-10-09 06:19:00,43.77,8.83,6.0,0,0,0
7dfedfbe-717,STATION_002,2023-10-06 01:33:00,50.11,8.0,5.83,1,0,0
a4bcd0cf-623,STATION_011,2023-11-10 16:57:00,117.67,13.38,23.88,0,0,0
065752d9-f39,STATION_018,2023-12-12 12:06:00,113.13,10.27,18.22,1,0,0
4ba11452-395,STATION_017,2023-11-04 02:22:00,19.56,12.72,5.0,0,0,0
e7131cdd-49c,STATION_010,2023-10-06 07:49:00,73.1,12.82,15.63,0,0,0
429baa41-5d9,STATION_016,2023-10-17 07:24:00,78.26,11.51,14.1,2,0,0
3599a1a2-356,STATION_001,2023-12-06 16:25:00,98.26,8.34,13.17,0,0,0
a8b100e3-bfc,STATION_008,2023-11-17 11:12:00,52.26,11.99,9.7,0,0,0
96d9183f-ddd,STATION_012,2023-10-23 15:45:00,109.26,8.48,17.74,0,0,0
2c8fbc81-203,STATION_002,2023-11-22 09:46:00,97.74,8.77,12.76,0,0,0
2c754cd5-bf3,STATION_005,2023-10-06 11:01:00,33.74,12.98,8.09,1,0,0
7bcca893-69e,STATION_007,2023-10-04 03:46:00,49.34,14.14,12.54,1,0,0
cd3f3109-40e,STATION_011,2023-11-10 21:12:00,52.36,18.86,16.54,0,0,0
701f4001-4e1,STATION_006,2023-12-18 16:34:00,53.76,6.9,6.22,0,0,0
953d9ddc-f33,STATION_019,2023-11-05 12:27:00,46.3,8.24,6.9,0,0,0
c2eb0c23-129,STATION_020,2023-11-16 16:47:00,39.92,11.43,8.62,1,0,1
c6c2e6b2-c06,STATION_019,2023-12-11 00:23:00,45.42,8.76,6.46,0,0,0
eeb3f5cd-8e9,STATION_018,2023-10-28 21:26:00,88.15,13.29,22.3,1,0,0
92eb30d2-0a5,STATION_001,2023-10-03 07:22:00,60.41,9.0,9.07,0,0,0
dbc8a652-5c4,STATION_018,2023-11-20 08:41:00,116.41,12.99,25.55,1,0,0
8842bce7-6f3,STATION_015,2023-11-06 23:49:00,36.82,13.15,8.08,0,0,0
33388d63-0c3,STATION_016,2023-12-30 02:43:00,36.79,6.0,5.0,1,0,0
8efccc20-ee3,STATION_004,2023-10-26 03:49:00,183.21,9.52,29.81,0,0,1
18e0f476-cef,STATION_003,2023-11-09 04:30:00,79.38,8.63,11.85,0,0,0
92c0a2e5-cca,STATION_009,2023-12-01 03:03:00,41.54,14.71,10.41,0,0,0
137cdf77-881,STATION_016,2023-12-02 16:50:00,60.35,15.64,16.22,0,0,0
4e9d4333-4bc,STATION_004,2023-10-19 23:06:00,101.37,10.1,16.67,0,0,0
d29cdb74-7d0,STATION_019,2023-11-09 20:46:00,24.02,8.33,5.0,0,0,0
84dce041-677,STATION_005,2023-11-29 19:23:00,67.88,9.96,12.51,1,0,0
c2819bbd-50e,STATION_010,2023-10-11 18:42:00,52.26,6.78,6.08,0,0,0
2bdd0292-c44,STATION_012,2023-12-27 06:19:00,38.06,10.85,7.69,16,0,1
e16dd5c2-a7f,STATION_015,2023-11-05 16:46:00,92.43,13.69,24.23,0,0,0
6c65850b-c07,STATION_002,2023-10-22 20:43:00,116.53,14.23,24.64,0,0,0
9127bd37-d7b,STATION_001,2023-10-09 02:13:00,91.48,10.74,15.62,0,0,0
ca306e46-313,STATION_002,2023-11-21 14:11:00,66.81,9.08,11.36,1,1,0
533bf114-cc2,STATION_017,2023-11-26 00:14:00,48.86,10.08,8.06,2,0,0
4415af71-38a,STATION_002,2023-12-01 10:59:00,81.29,10.88,14.42,0,0,0
5c2b1ad2-7c8,STATION_013,2023-10-08 00:06:00,23.67,10.38,5.0,0,0,0
8a34ae4e-095,STATION_014,2023-10-07 06:55:00,61.7,14.95,17.17,0,0,0
54b8bb51-2b4,STATION_009,2023-11-03 16:29:00,42.54,12.37,7.47,13,0,1
9102677b-6d4,STATION_004,2023-12-31 17:31:00,50.5,10.16,7.69,0,0,0
eadb0634-0e6,STATION_016,2023-12-30 23:21:00,27.46,4.85,5.0,0,0,0
1e2abe4e-571,STATION_019,2023-12-09 08:54:00,63.71,11.85,11.96,1,0,0
04bcfaab-cc5,STATION_007,2023-12-09 20:09:00,56.75,10.26,9.23,0,0,0
ad5bfd8f-2f8,STATION_002,2023-10-17 14:43:00,17.49,14.85,5.0,1,0,0
257eb2e9-9ce,STATION_003,2023-11-19 09:40:00,47.84,17.3,13.91,1,0,0
ab794e5d-c43,STATION_019,2023-12-30 06:17:00,83.27,12.53,19.91,1,0,0
e39483c9-9b9,STATION_018,2023-10-24 18:31:00,80.93,12.72,18.65,2,0,0
cfffa379-17a,STATION_002,2023-12-15 16:23:00,90.26,8.01,11.22,0,0,0
fd05e13c-ef0,STATION_019,2023-11-12 14:32:00,17.01,9.54,5.0,1,0,0
1ee84a79-59f,STATION_007,2023-11-01 13:07:00,30.16,9.81,5.0,1,0,0
f01b60da-be5,STATION_007,2023-10-27 11:15:00,93.07,12.78,17.81,1,0,0
6643243f-cbf,STATION_005,2023-11-03 20:52:00,44.75,13.21,10.17,1,0,0
e4e41c3b-708,STATION_005,2023-11-15 06:09:00,118.22,13.99,26.81,0,0,0
a53298cc-9f5,STATION_004,2023-10-30 20:44:00,75.17,10.32,12.05,0,0,0
60542b1c-a94,STATION_005,2023-10-30 04:36:00,61.8,15.33,17.38,0,0,0
ce21dcfe-362,STATION_003,2023-12-26 17:09:00,24.89,12.38,5.0,0,0,0
dc7e60be-d5b,STATION_018,2023-12-31 21:08:00,25.57,12.88,5.18,0,0,0
a3d572ac-8e4,STATION_013,2023-11-14 07:08:00,58.26,9.49,10.24,0,0,0
1ad818e8-69b,STATION_020,2023-10-22 12:30:00,78.95,9.21,13.09,0,0,0
b36bb26a-3bf,STATION_002,2023-12-19 13:07:00,57.81,10.77,11.39,0,0,0
3b3a45f0-453,STATION_003,2023-10-07 16:38:00,51.12,11.39,10.38,0,0,0
699d8b12-a55,STATION_005,2023-11-16 20:20:00,334.41,12.21,65.38,1,0,1
dc2a0cbd-bf9,STATION_015,2023-10-21 02:03:00,119.66,62.81,126.3,0,0,1
747f63b9-e2d,STATION_009,2023-10-31 09:27:00,91.26,12.05,16.79,0,0,0
f1f212f9-57a,STATION_003,2023-11-07 10:03:00,61.45,8.76,7.75,0,0,0
c3954296-5bf,STATION_017,2023-10-13 17:45:00,26.22,14.95,6.02,1,0,0
2879bbed-346,STATION_020,2023-11-03 10:58:00,60.02,6.85,6.62,0,0,0
bc4155c8-711,STATION_009,2023-11-02 09:46:00,114.1,11.53,24.3,0,0,0
dfe6e8d6-230,STATION_003,2023-10-14 03:18:00,68.32,9.78,10.86,0,0,0
bc1df016-43a,STATION_020,2023-12-23 18:13:00,116.59,10.52,17.38,0,0,0
3774a3ef-8e2,STATION_016,2023-10-31 20:16:00,22.36,15.14,5.47,0,0,0
68c15647-655,STATION_001,2023-12-03 08:56:00,70.42,12.55,15.39,0,0,0
220dce1e-11b,STATION_018,2023-10-21 21:40:00,42.33,71.88,50.93,1,0,1
aa36a75c-4f2,STATION_012,2023-11-13 07:19:00,103.98,9.11,13.71,0,0,0
674b5d09-4f5,STATION_020,2023-11-12 13:46:00,21.27,13.55,5.51,0,0,0
fe3561c0-567,STATION_001,2023-12-07 11:12:00,90.01,8.28,11.9,0,0,0
9ad4323b-7d8,STATION_002,2023-11-16 22:32:00,21.89,9.65,5.0,0,1,0
44e1ac51-de2,STATION_003,2023-11-19 00:16:00,203.94,8.63,28.46,0,0,1
85acdf84-cef,STATION_013,2023-12-28 23:12:00,40.97,9.55,6.42,0,0,0
1f72c87b-c22,STATION_007,2023-12-09 09:29:00,68.84,11.79,14.22,0,0,0
65a2db6d-16b,STATION_008,2023-12-15 09:19:00,47.18,7.44,6.25,0,0,0
6ca45a1d-11c,STATION_004,2023-10-19 21:14:00,67.65,9.36,9.71,0,0,0
3036ed5a-687,STATION_010,2023-10-15 15:19:00,119.66,10.77,24.22,0,0,1
2399d615-1d9,STATION_002,2023-12-11 23:33:00,68.43,7.04,8.25,1,0,0
253b8044-6b0,STATION_019,2023-11-07 10:25:00,21.34,11.59,5.0,0,0,0
ba2c549c-62d,STATION_002,2023-11-16 20:43:00,60.86,6.49,21.95,0,0,1
b28ceb6b-b33,STATION_014,2023-11-29 14:45:00,50.91,9.42,8.55,0,0,0
856ee611-8a0,STATION_008,2023-11-11 13:04:00,116.83,8.89,18.48,1,0,0
7784a138-d47,STATION_009,2023-10-16 01:06:00,16.06,14.68,5.0,1,0,0
eefd6521-02c,STATION_004,2023-12-12 05:18:00,49.09,83.58,77.37,2,1,1
0474ecd9-cc4,STATION_008,2023-10-20 19:51:00,54.8,16.45,16.9,0,0,0
1ebc2df7-b02,STATION_020,2023-10-25 12:38:00,115.96,12.73,26.18,1,0,0
ce48a06b-220,STATION_015,2023-10-27 03:27:00,22.94,10.75,5.0,0,0,0
8dcbcb40-2e7,STATION_002,2023-10-04 11:55:00,33.98,11.55,6.09,0,0,0
8013d8a5-487,STATION_007,2023-11-25 19:31:00,354.04,16.09,94.19,1,0,1
c9162bc0-b3f,STATION_005,2023-12-26 08:44:00,106.28,67.47,89.96,1,1,1
6ad340c0-de5,STATION_013,2023-12-02 08:21:00,93.75,6.11,8.72,1,0,0
3b8f1504-40a,STATION_005,2023-12-07 08:34:00,91.58,14.65,24.7,0,0,0
62e8856e-993,STATION_013,2023-12-16 19:57:00,97.4,13.62,22.87,0,0,0
2339b666-d8c,STATION_015,2023-12-31 18:00:00,47.5,13.69,9.5,1,0,0
f8c77f8d-2ab,STATION_020,2023-10-15 22:52:00,71.02,13.12,15.28,1,0,0
89d31010-0fe,STATION_005,2023-12-31 21:14:00,49.81,9.9,7.16,0,0,0
2cb85626-8fd,STATION_018,2023-12-10 22:40:00,24.11,8.26,5.0,0,0,0
f557b228-0b2,STATION_016,2023-10-04 21:36:00,113.24,14.57,29.86,0,0,0
929c416b-c20,STATION_020,2023-12-17 02:32:00,42.76,12.13,7.7,2,0,1
61bec0ba-b91,STATION_016,2023-12-16 23:57:00,118.29,9.31,16.27,0,0,0
27311337-861,STATION_011,2023-11-02 19:28:00,105.34,10.62,17.24,0,0,0
7baa1a82-8af,STATION_005,2023-12-20 09:12:00,78.06,6.39,8.35,1,0,0
77ce5e8a-fd5,STATION_009,2023-11-13 23:25:00,113.3,13.3,28.43,0,0,0
4a3192bb-45b,STATION_002,2023-10-17 14:17:00,43.45,11.93,7.87,0,0,0
f88eb8b0-82d,STATION_020,2023-11-14 04:16:00,51.26,9.95,9.76,0,0,0
d3a5233c-4ae,STATION_007,2023-12-23 12:46:00,48.24,7.74,6.23,1,0,0
235940ec-0b9,STATION_006,2023-11-05 12:18:00,20.32,11.25,5.0,0,0,0
0136d083-ba0,STATION_004,2023-12-12 15:16:00,23.01,13.18,5.0,0,0,0
d56e188c-b20,STATION_005,2023-10-31 21:11:00,26.98,8.13,3.65,15,0,1
d10abc44-c78,STATION_012,2023-11-12 17:41:00,55.48,7.63,7.07,1,0,0
c2303835-270,STATION_001,2023-12-27 01:47:00,108.16,11.52,20.59,0,0,0
1ac95b3b-714,STATION_007,2023-11-10 20:31:00,66.85,3.14,5.0,0,0,0
35978e02-a70,STATION_017,2023-12-20 10:00:00,34.64,10.78,5.89,0,0,0
d872873d-9a4,STATION_012,2023-12-06 16:56:00,118.01,11.73,24.19,1,0,0
8470e908-6e6,STATION_001,2023-12-12 09:15:00,83.01,14.0,16.64,0,0,0
9283acda-eb5,STATION_016,2023-10-21 06:02:00,89.09,13.46,17.18,0,0,0
fbc9541f-7f8,STATION_010,2023-11-12 21:48:00,93.46,12.73,21.26,1,0,0
e795085d-ac0,STATION_003,2023-11-16 05:56:00,88.53,16.06,25.1,1,0,0
3f6073e5-fee,STATION_018,2023-12-23 09:31:00,41.7,10.3,7.63,0,0,0
a051e038-b7f,STATION_013,2023-12-17 20:45:00,47.63,14.48,11.38,0,0,0
5ef69449-d0d,STATION_004,2023-10-24 19:20:00,115.92,11.69,21.83,0,0,0
3bef6c07-f5f,STATION_009,2023-10-04 01:11:00,80.59,7.24,8.62,0,0,0
14327b96-518,STATION_017,2023-10-28 01:30:00,68.08,8.45,8.57,0,0,0
01dc2caf-3bf,STATION_005,2023-11-24 05:53:00,22.64,10.04,5.0,0,0,0
537f13c1-72a,STATION_020,2023-12-21 23:23:00,50.8,8.05,7.83,0,0,0
27c5b461-9aa,STATION_019,2023-10-29 05:14:00,94.15,13.18,22.23,0,0,0
bae2c11b-92c,STATION_002,2023-10-26 16:55:00,58.62,4.68,5.0,0,0,0
e8f51d97-0f2,STATION_007,2023-11-02 09:44:00,114.21,11.58,19.45,12,1,1
aa8bf679-23f,STATION_013,2023-11-25 19:00:00,42.13,11.61,8.93,1,0,0
9d243a83-1b9,STATION_009,2023-10-14 04:59:00,30.69,10.48,6.05,0,0,0
90835cea-1bb,STATION_014,2023-10-04 07:32:00,18.27,7.25,5.0,0,0,0
6c85d9c8-1fb,STATION_005,2023-10-07 17:38:00,94.45,11.19,18.05,0,0,0
ff26a34b-7b9,STATION_015,2023-10-30 07:31:00,35.06,11.76,7.47,0,0,0
b5448174-7dd,STATION_002,2023-11-13 05:38:00,16.34,9.4,5.0,0,0,0
c47a39b9-ef9,STATION_012,2023-12-21 19:36:00,81.84,12.21,16.64,0,0,0
d5bc7796-32d,STATION_002,2023-11-07 09:37:00,115.66,10.32,22.38,0,0,0
79086bb2-676,STATION_019,2023-10-11 12:06:00,40.27,11.14,6.86,0,0,0
d9ea6547-571,STATION_012,2023-12-22 18:04:00,95.0,7.68,13.59,0,0,0
98662d71-480,STATION_017,2023-11-29 19:43:00,52.36,17.35,42.46,1,0,1
d571ec70-666,STATION_001,2023-10-31 06:13:00,52.06,6.43,5.97,0,0,0
d96462a3-c13,STATION_010,2023-11-28 21:53:00,42.37,8.23,5.85,0,0,0
ed953530-992,STATION_006,2023-10-26 00:50:00,57.74,10.23,10.37,0,0,0
87357376-46b,STATION_012,2023-10-04 17:43:00,20.02,13.82,5.0,0,0,0
51408c37-6d7,STATION_003,2023-11-30 08:17:00,19.62,11.16,5.0,0,0,0
41d58a05-7c2,STATION_016,2023-11-25 09:26:00,76.59,12.57,17.8,0,0,0
04ad7ac9-aa9,STATION_017,2023-10-26 04:41:00,84.56,9.92,13.56,2,0,0
64fedf5e-35c,STATION_011,2023-11-09 20:25:00,30.11,10.47,5.72,0,0,0
ac09c1dd-f53,STATION_004,2023-12-08 21:39:00,54.33,7.66,6.22,0,0,0
f52bf02d-76c,STATION_017,2023-12-02 05:08:00,53.79,16.55,39.76,0,0,1
86838f0a-a47,STATION_007,2023-10-31 17:33:00,69.62,10.12,12.73,0,0,0
a88ae024-327,STATION_010,2023-12-03 09:32:00,22.06,12.23,5.0,0,0,0
322e586c-a13,STATION_015,2023-12-07 03:24:00,80.99,11.43,15.34,0,0,0
313b6766-57f,STATION_003,2023-11-24 04:27:00,48.63,11.12,10.12,0,0,0
fd928a93-fa8,STATION_015,2023-11-12 20:06:00,91.16,10.34,17.53,0,0,0
f2566ba7-61f,STATION_010,2023-11-06 07:51:00,46.29,17.16,13.33,0,0,0
bc059724-ae7,STATION_008,2023-11-06 07:36:00,101.35,11.17,18.59,0,0,0
fe7e41bf-566,STATION_019,2023-12-27 11:42:00,95.34,9.34,14.77,0,0,0
8bd1760b-a6e,STATION_019,2023-11-19 22:51:00,105.77,12.45,22.52,0,0,0
3137041a-df0,STATION_015,2023-11-28 19:55:00,43.06,9.67,7.69,0,0,0
2397c75c-f12,STATION_010,2023-11-05 11:52:00,63.39,11.47,12.74,0,0,0
8ca9d9b9-408,STATION_009,2023-10-27 06:20:00,28.98,15.35,6.89,0,0,0
d57bcfd2-650,STATION_017,2023-12-12 04:48:00,69.81,8.37,10.0,1,0,0
c9d174d7-510,STATION_019,2023-11-02 23:57:00,62.83,4.58,5.41,0,0,0
796d4a96-bfc,STATION_005,2023-11-09 01:24:00,88.47,15.18,25.35,0,0,0
d87cf19d-572,STATION_005,2023-12-03 12:44:00,47.07,7.19,5.06,0,0,0
ac5a870b-66e,STATION_009,2023-12-06 15:46:00,81.48,9.01,13.9,0,0,0
fa81446d-d6c,STATION_012,2023-10-30 11:33:00,43.5,16.49,11.74,0,0,0
aed87adc-286,STATION_016,2023-10-23 15:02:00,88.9,11.56,16.47,0,0,0
73ad3efb-e75,STATION_014,2023-10-18 17:32:00,16.46,7.33,5.0,0,0,0
c8576052-000,STATION_010,2023-10-30 19:32:00,70.04,10.98,13.8,0,0,0
d3485223-546,STATION_007,2023-12-24 11:24:00,86.0,13.14,21.13,0,0,0
f9fe82c6-ef5,STATION_007,2023-12-06 16:56:00,90.51,5.2,7.44,1,0,0
f845d727-f62,STATION_019,2023-11-09 05:04:00,30.99,14.45,7.57,0,0,0
9532cd3f-c1c,STATION_013,2023-11-09 08:29:00,48.83,9.49,6.86,0,0,0
926925a1-167,STATION_004,2023-12-26 18:35:00,96.53,8.59,14.28,1,0,0
789aaae3-609,STATION_011,2023-11-07 17:34:00,92.72,14.11,22.65,0,0,0
d186fa8f-aea,STATION_014,2023-12-23 09:49:00,119.17,9.5,20.9,0,0,0
db39d8a7-2f7,STATION_003,2023-10-17 08:10:00,44.39,15.98,13.44,0,0,0
ec3e14df-12b,STATION_010,2023-11-15 01:40:00,87.14,14.18,20.55,0,0,0
f9c0ca2c-568,STATION_014,2023-11-17 18:26:00,49.46,9.59,7.21,0,0,0
a00ddb6c-b32,STATION_010,2023-11-10 02:58:00,44.8,7.71,6.2,0,0,0
1701ba4b-652,STATION_014,2023-12-13 20:35:00,87.99,6.69,10.46,0,0,0
bc051f17-400,STATION_003,2023-12-26 16:17:00,112.51,10.53,21.3,0,0,0
c5ca420a-9aa,STATION_016,2023-10-04 16:16:00,17.66,8.68,5.0,0,0,0
cc0ce3c9-8e0,STATION_013,2023-12-08 02:35:00,40.87,13.95,8.26,0,0,0
6ef2af4d-601,STATION_017,2023-10-05 19:04:00,79.03,9.19,10.58,0,0,0
89054d14-2c2,STATION_017,2023-10-16 03:03:00,104.1,10.88,20.16,0,0,0
8764e353-981,STATION_008,2023-10-31 18:47:00,57.69,7.5,8.08,0,0,0
53338877-12f,STATION_012,2023-11-06 20:16:00,47.78,8.46,6.53,1,0,0
dd5387d7-8fa,STATION_009,2023-10-29 23:05:00,37.94,13.65,7.65,0,0,0
2b671173-1f4,STATION_018,2023-10-30 04:12:00,61.22,14.94,13.63,0,0,0
c955fc34-9ab,STATION_014,2023-10-15 20:31:00,84.15,12.75,18.5,0,0,0
f2c2a2b4-277,STATION_001,2023-11-13 07:26:00,81.17,12.71,17.76,0,0,0
71ddb628-aa2,STATION_011,2023-11-24 16:19:00,71.21,7.5,8.13,0,0,0
3dbc08e2-fd3,STATION_009,2023-11-12 08:28:00,66.14,7.46,9.15,0,0,0
a8e1b641-e8e,STATION_008,2023-12-24 11:10:00,342.3,9.86,56.12,0,0,1
9d8bf0a4-d28,STATION_007,2023-12-29 09:38:00,63.57,9.14,10.4,0,0,0
21201ba3-177,STATION_012,2023-11-24 04:38:00,68.26,13.75,15.43,0,0,0
d4a841fe-90e,STATION_008,2023-12-31 23:04:00,51.49,17.24,12.8,0,0,0
359b0f61-14a,STATION_006,2023-12-19 09:25:00,18.52,14.74,5.0,1,0,0
b3dbe6cb-948,STATION_009,2023-12-06 09:29:00,91.03,12.86,20.32,2,0,0
eb24337d-193,STATION_015,2023-10-14 23:41:00,21.81,6.22,5.0,0,0,0
1ced3e81-9af,STATION_001,2023-10-09 01:33:00,91.11,11.25,19.01,0,0,0
27076638-8d2,STATION_005,2023-10-14 06:18:00,105.86,15.56,24.28,0,0,0
cdd860e3-141,STATION_005,2023-10-03 04:55:00,113.04,9.61,19.11,0,0,0
14f9921f-2b3,STATION_015,2023-12-31 06:28:00,97.52,15.01,26.15,0,0,1
576946f9-39f,STATION_007,2023-10-24 14:51:00,90.12,14.42,18.46,0,0,0
6615fe7e-dc9,STATION_011,2023-11-13 00:46:00,75.34,10.25,12.02,13,1,1
b8ec254c-eb3,STATION_018,2023-12-15 12:55:00,43.51,12.06,8.14,0,0,0
e8c24042-04b,STATION_014,2023-10-29 22:01:00,81.48,12.58,17.05,0,0,0
5256400c-822,STATION_013,2023-12-26 18:17:00,102.01,8.88,17.09,0,0,0
52eb9efa-8dc,STATION_019,2023-10-23 00:42:00,15.55,8.65,5.0,0,0,0
48ff0ea4-5ca,STATION_014,2023-10-14 13:28:00,102.91,10.75,17.43,1,0,0
df0632e1-ab7,STATION_008,2023-12-31 04:17:00,109.37,15.0,26.39,0,0,0
639ffc56-aff,STATION_018,2023-11-26 23:35:00,85.29,12.32,19.68,1,0,0
9b8fa34e-bd3,STATION_018,2023-12-30 15:05:00,90.85,7.27,12.58,0,0,0
d0403b68-5ce,STATION_020,2023-12-18 20:28:00,97.73,10.05,18.16,0,0,0
5b02b760-be2,STATION_011,2023-10-08 00:19:00,97.04,11.92,21.22,1,0,0
fd26ef99-b0b,STATION_012,2023-11-09 14:38:00,75.65,9.26,11.93,0,0,0
0a97808e-dd2,STATION_015,2023-12-21 23:46:00,117.49,8.98,18.92,0,0,0
50b96342-ac0,STATION_009,2023-10-09 23:07:00,31.79,8.32,5.0,0,0,0
4aee4fa8-d7b,STATION_005,2023-12-10 20:41:00,16.93,11.46,5.0,1,0,0
4287d984-a68,STATION_002,2023-12-19 15:45:00,29.01,13.98,6.08,0,0,0
c317858d-039,STATION_006,2023-10-14 08:37:00,50.41,9.66,7.54,0,0,0
1084f0d3-597,STATION_014,2023-12-21 02:20:00,49.79,14.49,12.66,0,0,0
8d023a41-f40,STATION_013,2023-10-25 01:47:00,106.2,13.46,21.51,0,0,0
a597c8c3-20b,STATION_008,2023-12-14 05:13:00,34.26,16.28,10.28,1,0,0
52323c07-faa,STATION_016,2023-10-08 15:55:00,37.69,12.68,8.28,0,0,0
672386af-511,STATION_013,2023-10-11 22:32:00,20.66,11.85,5.0,1,0,0
584d9c8f-3be,STATION_005,2023-10-11 08:53:00,98.72,9.83,15.06,1,0,0
ca441410-776,STATION_006,2023-10-07 23:57:00,85.52,11.11,13.64,1,0,0
ee0cd1f3-2b0,STATION_011,2023-10-28 07:14:00,75.72,11.98,15.73,0,0,0
7772e4d1-60b,STATION_012,2023-11-18 04:31:00,87.95,11.88,16.35,0,0,0
375d63ec-b7d,STATION_019,2023-12-27 13:46:00,62.22,7.92,8.51,2,0,0
045cf2f5-3c6,STATION_008,2023-10-29 02:01:00,91.74,18.3,31.66,0,0,0
507d9009-20f,STATION_014,2023-10-22 19:39:00,91.05,9.7,15.4,0,0,0
f8f7acda-05c,STATION_014,2023-11-30 00:15:00,33.75,14.07,8.28,0,0,0
cbd1957b-ddd,STATION_002,2023-10-11 00:27:00,111.26,17.66,34.91,0,0,0
e07f08f4-284,STATION_012,2023-12-26 11:25:00,66.7,7.46,8.79,1,0,0
66a92e91-940,STATION_004,2023-12-02 06:59:00,41.96,8.03,6.13,0,0,0
39189327-5ef,STATION_012,2023-11-30 12:13:00,1.73,11.71,0.3,1,1,1
e597dc36-6ed,STATION_008,2023-12-19 04:26:00,16.43,3.0,5.0,0,0,0
cddcf90f-cdf,STATION_009,2023-10-20 18:50:00,81.61,10.14,14.01,0,0,0
33a568cc-18f,STATION_011,2023-11-30 22:14:00,114.15,14.38,24.09,1,0,0
3e574d09-4b6,STATION_017,2023-10-29 06:41:00,81.54,10.47,14.49,1,0,0
a82343cc-62b,STATION_018,2023-11-06 03:54:00,90.23,12.57,20.68,2,0,0
920ad2e6-e77,STATION_009,2023-12-25 06:53:00,80.86,14.77,18.81,1,0,0
b491ec07-4be,STATION_013,2023-10-29 07:05:00,92.42,4.09,6.1,0,0,0
64438946-19d,STATION_011,2023-11-03 23:33:00,39.34,9.77,6.8,0,0,0
0095b20e-3ab,STATION_015,2023-10-13 19:02:00,86.45,7.16,11.71,0,0,0
986fb05b-532,STATION_004,2023-11-25 07:22:00,86.23,7.73,10.01,1,0,0
b7421a0e-caa,STATION_018,2023-10-30 14:20:00,97.41,9.32,16.41,1,0,0
08aa1478-b62,STATION_018,2023-12-28 22:55:00,55.47,13.34,12.74,1,0,0
cd3a50f9-6e5,STATION_005,2023-12-20 07:06:00,74.69,15.83,17.51,0,0,0
acf11a64-768,STATION_006,2023-12-04 03:07:00,56.93,16.06,17.11,1,0,0
a4262828-733,STATION_011,2023-12-30 01:42:00,23.4,9.76,5.0,2,0,0
f9276d0b-e3f,STATION_001,2023-12-10 06:14:00,109.47,8.1,12.73,0,0,0
c11f07af-456,STATION_018,2023-12-16 01:42:00,48.24,11.02,7.72,0,0,0
10773f48-f39,STATION_020,2023-10-08 03:39:00,41.25,7.24,5.0,0,0,0
81281af2-60e,STATION_007,2023-10-03 07:13:00,38.97,12.71,7.16,0,0,0
f4875a4e-f4d,STATION_015,2023-12-17 20:32:00,84.82,13.17,18.6,1,0,0
35736f80-ee3,STATION_016,2023-10-28 07:23:00,62.05,6.66,7.15,0,0,0
ef0c31c5-c26,STATION_018,2023-10-16 06:46:00,15.07,10.62,5.0,0,1,0
65ab19f4-129,STATION_007,2023-11-27 01:33:00,64.57,11.44,10.51,0,0,0
eff6586a-74d,STATION_006,2023-12-29 04:55:00,63.07,10.3,11.67,0,0,0
70f6df6f-e6a,STATION_009,2023-12-23 00:24:00,61.05,8.89,8.28,0,0,0
cc8038e4-de4,STATION_009,2023-12-01 01:20:00,88.45,7.83,12.12,0,0,0
f8b4dc7f-3dc,STATION_020,2023-10-23 02:43:00,39.64,7.72,5.86,1,0,0
e7f6303d-49d,STATION_004,2023-11-12 04:02:00,53.18,8.11,6.32,0,0,0
ee7bc3c8-3ff,STATION_015,2023-11-20 13:04:00,22.37,14.17,5.2,0,1,1
80b2137c-d86,STATION_009,2023-12-05 11:51:00,210.91,13.22,50.51,2,0,1
5d21f54a-09d,STATION_004,2023-11-28 04:13:00,26.52,7.42,5.0,0,0,0
089fffc6-cb8,STATION_007,2023-10-23 07:02:00,60.9,10.4,10.85,0,0,0
c3ef60ff-cf1,STATION_004,2023-11-11 21:57:00,41.46,5.32,1.36,0,1,1
24d2f8b2-4bf,STATION_007,2023-10-29 18:40:00,40.69,11.33,7.5,1,0,0
9429ba96-ec3,STATION_007,2023-11-11 16:19:00,110.18,17.63,33.57,0,0,0
94798875-e50,STATION_001,2023-11-01 08:22:00,33.46,9.69,6.08,0,0,0
3a3fd854-f5b,STATION_001,2023-12-08 10:25:00,55.75,9.07,7.34,1,0,0
24de0b48-d73,STATION_008,2023-10-21 06:58:00,53.53,14.49,12.7,1,0,0
b2f9248c-2c1,STATION_011,2023-10-13 09:08:00,65.05,14.07,16.38,0,0,0
3bd1d1da-8c1,STATION_009,2023-12-31 16:05:00,115.0,14.58,30.05,2,0,0
6f259838-c8a,STATION_019,2023-12-23 02:03:00,109.44,10.09,20.17,1,0,0
8d0f38dc-871,STATION_019,2023-10-22 10:32:00,87.31,11.84,18.97,1,0,0
0d7df48b-353,STATION_017,2023-12-14 21:41:00,1.62,12.04,0.32,0,0,1
8ea2b199-9a8,STATION_002,2023-11-12 08:36:00,17.84,5.57,5.0,0,0,0
3c4ba0cf-29d,STATION_010,2023-11-16 14:35:00,64.83,12.99,16.04,1,0,1
56356001-edf,STATION_007,2023-11-06 01:17:00,119.97,8.1,17.3,0,0,0
aedf9bd4-112,STATION_007,2023-11-12 18:34:00,113.75,6.93,13.73,1,0,0
fa88b13a-816,STATION_018,2023-11-13 06:54:00,39.54,11.24,7.72,0,0,0
17aeb487-c15,STATION_010,2023-11-09 01:09:00,50.74,11.51,9.76,0,0,0
afdef7e2-8d6,STATION_002,2023-12-07 14:47:00,80.39,10.27,12.62,0,0,0
98be18df-141,STATION_003,2023-10-10 12:32:00,59.74,14.62,13.9,0,0,0
091673e1-4aa,STATION_007,2023-10-16 06:59:00,336.54,10.6,59.81,2,0,1
a9a12b22-eed,STATION_019,2023-11-04 01:35:00,116.8,10.55,21.85,0,0,0
ad6f3109-758,STATION_013,2023-12-31 19:45:00,113.83,11.58,21.38,0,0,0
c0fcb8ef-e60,STATION_012,2023-11-14 14:34:00,79.49,10.7,13.87,0,0,0
1e068f84-223,STATION_013,2023-11-18 23:10:00,58.62,10.07,9.57,0,0,0
d1c26857-16b,STATION_013,2023-10-27 20:51:00,27.5,6.42,5.0,0,0,0
776e70fd-055,STATION_004,2023-12-22 19:52:00,88.16,9.52,14.53,1,0,0
16020a08-95b,STATION_020,2023-12-07 16:37:00,55.07,12.04,9.82,0,0,0
397f8e15-cfc,STATION_015,2023-11-21 04:39:00,98.49,10.72,68.32,1,0,1
3feb92e8-da3,STATION_018,2023-10-16 08:52:00,47.96,4.03,5.0,2,0,0
90e0e418-82b,STATION_004,2023-12-18 21:37:00,58.33,6.42,6.79,0,0,0
483f6e16-861,STATION_012,2023-11-28 14:25:00,36.83,7.7,5.0,0,0,0
f30ad0cb-b2c,STATION_012,2023-12-17 06:33:00,88.78,10.4,17.49,0,0,0
9e8c2ecb-edf,STATION_008,2023-10-26 13:00:00,85.87,11.73,18.14,12,0,1
56b1f0d0-c97,STATION_014,2023-11-10 13:54:00,32.44,8.61,18.18,0,0,1
28b7653f-718,STATION_001,2023-10-18 14:36:00,69.32,13.08,14.71,0,0,0
9c3530bf-55a,STATION_011,2023-12-19 07:07:00,28.2,11.41,5.31,0,0,0
b78cb6b2-fee,STATION_020,2023-11-27 20:43:00,113.62,13.78,23.21,17,0,1
84346630-43c,STATION_013,2023-10-31 02:46:00,31.03,10.32,5.67,0,0,0
a84dfdda-f8c,STATION_013,2023-12-10 21:29:00,40.34,8.84,5.74,12,0,1
a2b166e4-da7,STATION_012,2023-11-11 19:44:00,74.32,11.62,16.16,1,0,0
48fcaf7a-9a6,STATION_002,2023-11-03 00:02:00,28.4,15.44,6.83,0,0,0
dec36434-67f,STATION_011,2023-10-25 22:23:00,105.98,7.57,15.35,1,0,0
09f1aeec-dc5,STATION_001,2023-11-10 13:35:00,39.19,7.76,5.0,1,0,0
dc6210db-a11,STATION_018,2023-11-04 04:33:00,41.12,9.57,6.22,0,0,0
74ead362-e20,STATION_015,2023-10-31 08:37:00,47.89,13.68,11.37,0,1,0
0a7692f9-3a6,STATION_001,2023-12-31 12:55:00,85.54,11.28,16.93,0,0,0
2d6fe483-10a,STATION_015,2023-11-06 08:34:00,107.71,8.49,15.97,0,0,0
8539ff6f-de7,STATION_008,2023-12-25 01:17:00,103.88,10.5,19.57,0,0,0
0c64ed76-47a,STATION_019,2023-11-26 10:47:00,41.34,11.65,9.16,0,0,0
20888faa-aff,STATION_001,2023-12-08 14:26:00,33.47,11.66,5.99,0,0,0
6a5cd88f-787,STATION_008,2023-12-11 00:55:00,20.21,11.09,5.0,0,0,0
642e8560-0d9,STATION_019,2023-12-17 00:53:00,37.25,12.65,7.41,0,0,0
8b8dcdad-2cf,STATION_017,2023-12-01 15:07:00,25.73,6.5,5.0,1,0,0
81167cf9-dd5,STATION_002,2023-10-23 06:23:00,86.53,8.1,12.44,0,0,0
00ae5f1c-c7d,STATION_013,2023-10-04 23:01:00,16.22,10.48,5.0,0,0,0
294f2362-7af,STATION_011,2023-11-25 02:03:00,85.6,12.55,19.65,0,0,0
5953a994-1a9,STATION_013,2023-12-03 00:45:00,27.63,9.62,5.0,0,0,0
c28f51ad-981,STATION_014,2023-10-11 14:01:00,44.03,10.38,7.19,0,0,0
fa66a253-4b4,STATION_020,2023-10-06 14:02:00,74.23,15.14,17.27,0,0,0
f00bfbab-ab9,STATION_011,2023-10-12 01:10:00,93.57,8.59,15.02,0,0,0
839d5539-dbd,STATION_014,2023-11-10 21:26:00,75.39,5.09,6.6,0,0,0
83d96acd-cb3,STATION_002,2023-10-17 02:24:00,78.24,14.28,17.63,1,0,0
0a936238-37b,STATION_010,2023-11-24 18:53:00,74.38,18.52,24.44,0,0,0
906de3fc-be5,STATION_003,2023-12-08 05:43:00,67.11,13.98,13.4,0,0,0
359a109d-81d,STATION_018,2023-11-04 22:25:00,74.26,11.41,14.24,1,0,0
5bede0d7-4cd,STATION_017,2023-12-21 00:12:00,102.68,10.4,16.83,1,0,0
a8a0ae8e-e1e,STATION_011,2023-12-09 22:04:00,41.81,6.21,5.0,0,0,0
5f44b449-7a4,STATION_007,2023-10-04 16:32:00,27.79,13.99,6.5,16,0,1
25614352-4e4,STATION_011,2023-10-28 01:16:00,81.98,11.63,17.46,2,0,0
e8c01e60-6ea,STATION_003,2023-12-29 08:56:00,16.8,11.72,5.0,0,0,0
9938c016-107,STATION_006,2023-11-28 04:36:00,20.82,17.41,6.83,0,0,0
fd04b6f1-d3a,STATION_019,2023-10-13 03:59:00,103.39,11.87,19.22,0,0,0
66a79f2c-afa,STATION_017,2023-12-19 00:43:00,39.62,11.85,6.9,0,0,0
c6762d51-b4c,STATION_011,2023-10-24 21:34:00,110.31,12.47,20.87,1,0,0
91091a84-dee,STATION_015,2023-12-30 23:06:00,102.83,17.65,34.67,15,0,1
a7f5606d-e6c,STATION_004,2023-10-28 13:22:00,69.75,9.28,12.34,1,0,0
088e70e1-ded,STATION_014,2023-10-24 06:19:00,117.63,10.98,22.2,0,0,0
f74fe264-220,STATION_002,2023-12-08 08:51:00,21.69,10.88,1.19,3,0,1
4464f7b7-94c,STATION_016,2023-10-17 11:16:00,36.69,11.1,7.27,1,0,0
aabdf8bc-394,STATION_005,2023-11-07 09:15:00,4.44,14.8,1.04,0,0,1
debb0867-6c2,STATION_004,2023-11-08 21:52:00,20.72,4.44,5.0,1,0,0
58e49c89-900,STATION_016,2023-12-19 02:07:00,108.83,8.9,18.29,0,0,0
f991d0e5-537,STATION_012,2023-12-30 17:39:00,60.28,111.81,85.09,1,0,1
a20b6296-e3b,STATION_002,2023-10-29 17:19:00,65.91,9.36,9.83,0,0,0
5c11e312-fa5,STATION_001,2023-11-02 13:49:00,59.48,13.44,14.97,0,0,0
8ea79d13-fcd,STATION_001,2023-11-13 14:07:00,98.61,12.37,19.35,0,0,0
3bcc12ee-462,STATION_012,2023-10-19 02:41:00,19.58,11.61,5.0,1,0,0
e7e0ea8a-1a9,STATION_003,2023-10-06 07:53:00,78.1,14.7,16.46,0,0,0
474cebc6-190,STATION_012,2023-11-22 02:59:00,60.88,13.42,14.78,0,0,0
c8fbede0-05e,STATION_013,2023-11-05 20:16:00,60.17,60.49,65.65,0,0,1
ac22355d-ebf,STATION_019,2023-12-31 03:08:00,110.49,9.52,15.91,1,0,0
e8127642-a6a,STATION_016,2023-12-14 01:03:00,110.06,7.65,14.0,0,0,0
75456007-f90,STATION_002,2023-10-30 15:51:00,77.61,13.76,17.29,0,0,0
8e15a6bc-5c0,STATION_009,2023-11-23 21:41:00,53.0,11.34,10.3,0,0,0
d3265406-7cf,STATION_009,2023-10-12 22:42:00,89.85,7.48,10.84,0,0,0
e5e2af32-237,STATION_005,2023-12-05 21:17:00,48.78,14.16,12.72,0,0,0
605484ce-f93,STATION_003,2023-12-06 19:23:00,119.62,12.94,24.79,0,0,0
d72f896b-618,STATION_010,2023-11-18 14:05:00,84.08,13.63,17.63,0,0,0
09dee423-136,STATION_005,2023-11-18 16:39:00,97.97,13.1,22.35,2,0,0
c21adb5d-8f5,STATION_008,2023-11-23 16:47:00,110.33,9.76,16.96,0,0,0
fca29f0d-5b5,STATION_014,2023-10-11 12:25:00,100.87,14.28,22.98,0,0,0
92d5ed19-e19,STATION_005,2023-11-02 13:38:00,30.74,12.64,6.55,0,0,0
d87f21f6-cb6,STATION_018,2023-12-30 00:53:00,65.72,51.38,46.94,0,1,1
24270821-0f9,STATION_004,2023-12-10 11:45:00,84.38,4.1,6.54,0,0,0
bea06b66-10b,STATION_019,2023-11-08 00:36:00,105.67,10.8,18.92,1,0,0
fffef7ed-f42,STATION_002,2023-11-21 20:56:00,38.19,7.27,5.0,0,0,0
e7154d12-6fc,STATION_016,2023-11-20 12:59:00,71.65,19.23,24.96,0,0,0
58ae7e28-148,STATION_019,2023-12-10 19:29:00,93.15,10.44,13.99,0,0,0
4147470a-18f,STATION_016,2023-11-19 10:42:00,36.87,9.65,22.87,2,0,1
fcda6f60-0ec,STATION_007,2023-12-04 19:58:00,19.96,11.12,5.0,1,0,0
010bb10f-40a,STATION_017,2023-11-07 10:32:00,93.78,10.47,15.35,0,0,0
c9fcf0df-532,STATION_017,2023-10-15 03:31:00,89.52,9.67,16.53,0,0,0
b56d1650-c35,STATION_018,2023-10-20 01:51:00,80.03,15.46,23.69,0,0,0
a1f0760d-861,STATION_007,2023-12-05 23:34:00,82.92,7.23,10.36,0,0,0
102dce4d-6a0,STATION_002,2023-12-21 02:16:00,89.64,13.7,22.96,0,0,0
a4648beb-6d7,STATION_003,2023-11-19 22:05:00,62.84,15.77,15.94,1,0,0
975c7e5e-504,STATION_018,2023-10-11 17:11:00,97.35,8.64,15.14,0,0,0
1adf0cfa-095,STATION_012,2023-12-31 19:41:00,39.89,12.3,8.03,0,0,0
0f1be6c8-34e,STATION_002,2023-11-27 09:05:00,118.33,13.58,28.05,0,0,0
f9ee7de5-f13,STATION_009,2023-12-06 22:58:00,21.49,11.48,5.0,1,0,0
c0c0caa7-4a6,STATION_003,2023-10-26 12:46:00,104.44,8.78,15.49,1,0,0
26f9a292-082,STATION_003,2023-12-22 22:36:00,57.38,13.67,12.77,0,0,0
96efe5e4-c96,STATION_018,2023-10-07 18:44:00,90.78,9.03,12.03,0,0,0
86b61e12-6f1,STATION_006,2023-10-29 01:36:00,107.74,5.62,10.57,0,0,0
1f104f6a-e8c,STATION_019,2023-11-28 10:57:00,109.29,4.44,7.47,1,0,0
4550504f-c27,STATION_015,2023-10-07 09:05:00,28.52,14.14,6.38,0,0,0
a0f8dc1e-1aa,STATION_015,2023-11-24 11:32:00,34.37,12.69,6.62,0,0,0
6311e1eb-088,STATION_002,2023-11-29 17:41:00,59.06,9.17,1.67,0,0,1
d96895df-db5,STATION_011,2023-11-05 22:51:00,55.98,11.91,10.93,0,0,0
c355f019-650,STATION_020,2023-12-27 23:31:00,43.53,14.2,9.98,0,0,0
4576b47a-65e,STATION_013,2023-12-27 01:05:00,43.45,10.63,7.89,1,0,0
81b487be-f20,STATION_005,2023-12-21 10:42:00,68.97,83.71,68.25,0,0,1
b0e1f97e-10c,STATION_006,2023-11-04 19:33:00,117.94,12.02,20.56,0,0,0
916976a6-2b3,STATION_017,2023-12-10 20:42:00,66.96,13.53,15.09,0,0,0
44455cee-4ba,STATION_012,2023-11-27 13:15:00,34.46,8.34,5.0,0,0,0
cf106b5c-e8a,STATION_004,2023-12-13 07:16:00,19.43,3.83,5.0,0,0,0
f4f87f67-817,STATION_018,2023-11-06 12:52:00,116.98,14.3,28.43,0,0,0
9de8e2f7-527,STATION_019,2023-11-27 20:56:00,26.75,15.46,7.81,1,0,0
51d0bd0f-48f,STATION_020,2023-12-24 20:32:00,78.26,20.46,25.36,0,0,0
f16905fd-603,STATION_020,2023-12-03 16:37:00,107.53,16.4,25.68,0,0,0
96162808-03d,STATION_001,2023-11-18 02:23:00,36.82,10.95,6.75,0,0,0
cf7e920c-710,STATION_014,2023-11-26 06:14:00,53.74,11.21,11.11,1,0,0
f33b8084-c35,STATION_008,2023-12-21 11:44:00,66.62,6.98,6.73,0,0,0
dbe3fdd1-6ec,STATION_006,2023-12-13 15:49:00,108.87,14.09,26.75,0,0,0
8d070e47-7e5,STATION_013,2023-11-04 15:28:00,31.69,10.76,5.0,0,0,0
fdaf1a90-59f,STATION_015,2023-12-03 06:09:00,96.48,7.39,11.43,0,1,1
5f82d0d3-02f,STATION_013,2023-10-10 19:29:00,101.64,3.7,6.18,0,0,0
d7b81e27-670,STATION_008,2023-10-21 13:00:00,44.24,8.67,6.08,0,0,0
b17d0eb5-421,STATION_017,2023-11-08 08:35:00,1.43,13.76,0.36,3,0,1
68c7fc69-7e8,STATION_014,2023-10-24 18:23:00,30.47,7.73,5.0,0,0,0
dcfc2862-63d,STATION_019,2023-11-16 07:39:00,60.9,13.02,14.68,1,0,0
a7e0c540-0d2,STATION_013,2023-11-15 01:12:00,78.83,13.76,20.55,1,0,0
623c25fe-ad6,STATION_011,2023-11-02 17:44:00,73.74,10.32,10.84,0,0,0
18a39ca2-898,STATION_020,2023-12-16 03:16:00,73.47,10.65,12.37,0,0,0
1d3bcc6b-56f,STATION_006,2023-11-09 15:25:00,115.82,7.66,15.5,0,0,0
296d8443-f93,STATION_008,2023-10-09 22:18:00,58.11,13.46,11.43,1,0,0
8aa1ece9-654,STATION_016,2023-12-31 02:36:00,75.68,8.15,9.98,2,0,0
1fc4ceea-7e5,STATION_002,2023-12-26 12:43:00,39.11,15.77,9.1,0,1,0
66db81d3-9b0,STATION_004,2023-11-14 03:33:00,44.94,14.58,11.88,2,0,0
ec63b27f-cf7,STATION_013,2023-12-24 01:45:00,65.75,14.27,13.97,0,0,0
29e57000-f99,STATION_013,2023-11-17 22:16:00,17.57,12.35,5.0,0,0,0
dd466b4d-143,STATION_012,2023-12-13 13:21:00,37.08,14.84,9.9,0,0,0
069d6351-421,STATION_016,2023-12-18 00:14:00,62.79,4.64,5.0,0,0,0
fb33994f-d0f,STATION_005,2023-12-05 16:29:00,18.77,10.28,5.0,0,0,0
1c23d757-316,STATION_004,2023-12-13 21:42:00,48.68,9.0,6.61,0,0,0
be376e4f-0c6,STATION_008,2023-10-06 00:53:00,74.65,12.77,17.7,0,0,0
f96ed622-baa,STATION_014,2023-11-24 10:25:00,99.78,13.58,19.19,0,0,0
b9efe587-20e,STATION_004,2023-11-14 00:10:00,17.33,12.47,5.0,0,0,0
30379d9a-a79,STATION_016,2023-11-27 02:23:00,52.84,12.84,12.27,0,0,0
59853757-875,STATION_010,2023-11-01 11:50:00,77.7,13.35,17.7,0,0,0
66b6fa49-f4f,STATION_007,2023-11-30 16:25:00,73.43,13.27,16.66,0,1,1
ad1251ec-7b7,STATION_017,2023-12-18 09:30:00,112.09,10.5,20.76,0,0,0
78fd9b49-073,STATION_018,2023-11-18 13:20:00,19.62,112.78,38.15,0,0,1
54daefa2-9a1,STATION_001,2023-11-29 15:48:00,16.93,6.58,5.0,1,0,0
3d751aae-c6a,STATION_010,2023-12-18 12:14:00,46.23,9.9,8.05,0,0,0
f65b504e-276,STATION_006,2023-10-26 16:06:00,66.13,11.8,12.88,0,1,1
38830d25-2ed,STATION_009,2023-10-19 01:57:00,35.25,12.78,6.81,1,0,0
02e44d12-fc6,STATION_019,2023-11-02 18:24:00,62.21,11.77,14.03,0,0,0
74594e9f-53e,STATION_005,2023-11-24 15:27:00,80.6,14.02,18.05,0,0,0
0e3a43a4-339,STATION_011,2023-12-04 16:01:00,87.65,9.76,12.78,0,0,0
79b23de0-13b,STATION_013,2023-10-31 09:13:00,71.46,9.06,9.19,0,0,0
13c49f53-9f0,STATION_009,2023-11-14 11:19:00,38.21,10.76,7.32,0,0,0
e317935f-090,STATION_003,2023-10-22 09:08:00,60.37,11.56,13.26,0,0,0
e86ba8bf-35e,STATION_001,2023-10-25 23:47:00,15.53,11.52,5.0,0,0,0
0a5be4de-ed8,STATION_014,2023-10-23 18:59:00,73.17,9.65,11.05,0,0,0
ef814c32-6aa,STATION_020,2023-11-13 19:35:00,43.63,11.15,8.67,0,0,0
5071fa32-fd6,STATION_006,2023-11-07 12:38:00,78.38,10.56,15.59,0,0,0
45e189f2-906,STATION_012,2023-11-12 10:08:00,94.82,8.83,13.59,0,0,0
87f71603-f7f,STATION_007,2023-12-22 05:04:00,118.77,11.54,22.08,0,0,0
cdc3e49a-20e,STATION_013,2023-12-20 03:51:00,117.48,9.89,19.88,1,1,0
53c87573-0d2,STATION_016,2023-12-27 02:48:00,44.6,14.05,9.87,1,0,0
b3140b81-9d8,STATION_006,2023-12-31 18:23:00,17.97,15.19,5.0,0,0,0
cf4c023f-965,STATION_004,2023-10-18 00:06:00,118.58,6.8,11.84,0,0,0
1acd71db-aef,STATION_010,2023-10-28 06:27:00,118.56,15.49,34.03,0,0,0
701c6a75-415,STATION_008,2023-10-16 18:43:00,73.52,11.29,13.1,2,0,0
90fe6595-101,STATION_003,2023-12-19 09:27:00,50.96,11.75,9.29,1,0,0
1a458eb4-3b4,STATION_016,2023-10-23 02:26:00,25.69,8.47,5.0,0,0,0
362a3b23-6fc,STATION_012,2023-12-04 11:44:00,29.07,10.83,5.0,1,0,0
17b1bb7a-7fb,STATION_006,2023-11-22 22:49:00,83.4,9.59,11.38,0,0,0
feb230c6-432,STATION_013,2023-11-12 09:33:00,92.79,17.18,24.77,0,0,0
675e4ee7-3ed,STATION_007,2023-11-29 01:49:00,70.5,19.33,24.83,0,0,0
14a83998-60e,STATION_001,2023-10-15 08:50:00,118.65,9.47,19.08,0,0,0
a2ea6f35-411,STATION_017,2023-10-30 22:36:00,94.18,8.08,11.75,1,0,0
837c03d4-a49,STATION_012,2023-11-09 00:01:00,96.54,15.33,26.67,1,0,0
826e0bc6-05a,STATION_020,2023-12-15 05:54:00,65.51,10.97,12.49,12,0,1
bf1a4af7-23b,STATION_003,2023-12-19 00:14:00,119.47,9.88,21.2,0,0,0
6a8a9a42-bf7,STATION_006,2023-12-15 06:24:00,91.7,8.7,12.27,1,0,0
495f1c13-36f,STATION_012,2023-12-28 06:45:00,95.36,12.95,17.89,0,0,0
5c81ce90-cef,STATION_018,2023-10-28 16:54:00,29.61,119.54,66.42,0,0,1
97e0ec37-f8b,STATION_012,2023-12-17 05:18:00,31.93,11.48,6.22,0,0,0
a9f7ac0e-526,STATION_017,2023-10-18 23:14:00,87.35,11.67,18.41,0,0,0
5116b6f9-ba0,STATION_007,2023-10-11 06:49:00,33.35,10.86,6.49,0,1,1
43daed02-a39,STATION_013,2023-12-30 05:10:00,62.99,11.17,11.86,0,0,0
b1e9e4fb-017,STATION_020,2023-11-26 18:22:00,81.48,9.77,12.19,0,0,0
08e3caa4-9c5,STATION_014,2023-12-14 00:47:00,20.29,11.55,5.0,0,0,0
7d97fe78-5f7,STATION_011,2023-10-19 06:43:00,85.62,14.22,18.33,0,0,0
d6519afa-2b2,STATION_003,2023-12-18 00:14:00,90.18,10.22,17.17,11,0,1
35a14ad8-d3f,STATION_020,2023-10-05 22:46:00,21.34,12.43,0.68,1,0,1
fb13c20e-ebd,STATION_008,2023-11-04 06:33:00,21.08,8.37,5.0,0,0,0
83ed34b8-fcd,STATION_006,2023-10-05 04:03:00,44.24,14.12,9.05,1,0,0
1e5349cb-a5c,STATION_017,2023-12-13 05:36:00,117.85,11.41,20.03,0,0,0
027f9b53-2e5,STATION_003,2023-10-24 01:08:00,106.31,9.35,14.52,1,0,0
1495dd9d-def,STATION_009,2023-11-05 02:55:00,106.97,5.66,9.87,0,0,0
95b351b3-4b8,STATION_018,2023-10-08 07:54:00,67.33,13.42,14.7,1,0,0
40705ca9-c14,STATION_008,2023-11-03 15:13:00,75.7,11.01,12.15,0,0,0
ad337f58-6c7,STATION_008,2023-12-11 07:38:00,24.62,10.78,5.0,0,0,0
44ba0728-318,STATION_002,2023-10-25 09:57:00,56.86,10.35,8.76,0,0,0
8b323d52-f3b,STATION_002,2023-12-04 11:46:00,36.74,16.97,9.31,1,0,0
b5451a34-ff0,STATION_020,2023-12-07 18:25:00,37.71,7.24,5.0,0,0,0
5f40f988-960,STATION_007,2023-11-05 12:45:00,60.73,9.99,9.6,0,0,0
d643edc1-e04,STATION_020,2023-12-29 08:31:00,25.15,9.11,5.0,1,0,0
babf6179-16c,STATION_015,2023-12-22 12:16:00,46.52,10.82,9.5,9,0,1
b9304f4c-897,STATION_017,2023-12-26 05:05:00,49.88,12.9,10.06,0,0,0
6e0f2847-431,STATION_013,2023-10-11 01:15:00,52.67,10.62,9.4,0,0,0
a4b3b403-ac7,STATION_003,2023-11-17 11:51:00,50.09,12.31,8.82,0,0,0
620c8486-d12,STATION_009,2023-11-04 03:05:00,18.41,12.27,5.0,0,0,0
15f00b26-f55,STATION_019,2023-11-06 09:52:00,86.85,13.93,17.61,0,0,0
7e9de78a-168,STATION_003,2023-10-22 20:26:00,69.89,9.6,10.48,0,0,0
2df4d2af-5aa,STATION_003,2023-10-11 13:07:00,28.73,14.58,7.14,0,0,0
81cf3d13-bb4,STATION_017,2023-11-02 06:28:00,42.66,13.17,8.68,0,0,0
27d4b0c2-988,STATION_005,2023-12-20 10:27:00,38.5,9.49,5.81,0,0,0
7ea3b134-37c,STATION_007,2023-12-04 07:25:00,44.23,9.16,6.35,0,0,0
ed331d5d-c7a,STATION_018,2023-11-11 09:14:00,61.33,13.23,12.96,0,0,0
21e2c978-dc6,STATION_007,2023-10-15 00:33:00,80.63,9.41,14.34,0,0,0
708ae37a-482,STATION_017,2023-10-09 19:33:00,67.99,90.51,86.3,0,1,1
5b526534-2de,STATION_012,2023-11-28 15:51:00,85.03,12.56,17.46,1,0,0
6f1bf111-eb7,STATION_008,2023-10-13 14:05:00,41.26,11.14,6.82,0,0,0
a4d26ddd-30b,STATION_010,2023-10-26 05:58:00,68.9,9.24,12.16,0,0,0
a7a118c8-876,STATION_005,2023-10-29 18:51:00,31.27,10.91,5.35,0,0,0
f8d58ee3-00c,STATION_012,2023-11-27 13:17:00,81.26,11.17,16.1,0,0,0
d0575305-62c,STATION_016,2023-11-01 07:01:00,102.1,13.94,25.2,0,0,0
dacf7d9b-79a,STATION_007,2023-12-17 17:23:00,74.43,9.87,13.63,0,0,0
53acaa83-db7,STATION_008,2023-10-06 11:39:00,28.85,9.83,5.3,11,0,1
1f647734-cc4,STATION_012,2023-12-08 09:02:00,105.38,11.02,18.87,0,0,0
dd51ae4e-5bd,STATION_005,2023-12-07 21:28:00,92.67,7.83,12.91,0,0,0
1886ea88-d9b,STATION_004,2023-11-06 13:41:00,97.65,10.8,17.2,1,0,0
f614dc5c-b45,STATION_005,2023-11-07 16:45:00,85.59,16.41,22.38,0,0,0
a1bfcd03-ce9,STATION_012,2023-11-23 09:05:00,53.29,8.43,8.36,0,0,0
6819805e-8fb,STATION_009,2023-12-19 05:09:00,41.3,9.14,5.71,0,0,0
9fbc735b-656,STATION_005,2023-12-24 22:13:00,15.7,7.91,5.0,1,0,0
8865cbd0-6cd,STATION_013,2023-11-22 01:16:00,38.96,13.59,9.46,0,0,0
d4921135-18b,STATION_017,2023-11-16 00:50:00,46.76,9.31,7.67,1,0,0
d1793b48-05c,STATION_003,2023-11-10 01:35:00,38.87,7.53,5.0,0,0,0
a0de1814-94b,STATION_010,2023-12-28 21:27:00,100.14,12.33,22.66,0,0,0
679e3bfe-8cd,STATION_020,2023-10-24 01:56:00,83.18,8.57,12.48,2,0,0
cc1afad3-0c5,STATION_001,2023-12-31 01:53:00,88.07,9.07,14.74,1,0,0
8e92ee83-a8d,STATION_003,2023-12-11 06:28:00,108.32,8.64,13.55,0,0,0
39992c8f-7ae,STATION_007,2023-10-07 06:13:00,38.56,9.96,6.41,0,1,0
e5d5f8d0-9e6,STATION_012,2023-10-19 01:42:00,53.17,13.28,10.58,0,0,0
9024275d-a62,STATION_005,2023-10-30 19:10:00,29.54,15.95,8.72,0,0,0
55490d26-fbe,STATION_014,2023-11-23 03:30:00,59.89,16.49,15.62,0,0,0
16c3667d-992,STATION_004,2023-11-03 16:48:00,66.72,14.74,15.71,1,0,0
1de0dc50-85a,STATION_001,2023-12-05 11:57:00,26.05,11.07,5.32,0,0,0
d188a000-739,STATION_011,2023-10-09 20:07:00,39.58,10.35,5.9,0,0,0
d7aea709-0f2,STATION_013,2023-11-11 07:40:00,73.14,15.72,21.08,0,0,0
4ce35c80-c16,STATION_018,2023-10-19 22:35:00,55.98,11.93,10.43,0,0,0
d92b9bbd-775,STATION_002,2023-11-08 01:24:00,41.44,5.24,5.0,0,0,0
874fca3e-ca2,STATION_020,2023-11-02 00:11:00,106.17,13.8,23.87,0,0,0
b47ab754-53e,STATION_002,2023-10-28 14:40:00,98.13,10.51,17.44,0,0,0
427f97c9-ac4,STATION_015,2023-12-09 01:45:00,95.74,6.43,9.37,0,0,0
4f5ed8a4-4ba,STATION_018,2023-10-10 03:47:00,116.78,105.36,262.14,0,0,1
f57d21ea-14b,STATION_012,2023-11-09 13:56:00,80.94,15.06,18.78,0,0,0
deadca28-444,STATION_009,2023-11-27 04:36:00,54.83,9.51,9.33,0,0,0
98240ecb-d7a,STATION_014,2023-10-31 20:25:00,67.79,12.14,15.11,0,0,0
08c8b2a4-318,STATION_002,2023-11-19 05:55:00,83.45,8.75,10.52,0,0,0
ac189893-5d5,STATION_016,2023-12-22 21:50:00,91.04,7.78,12.88,0,0,0
35305485-959,STATION_002,2023-11-17 09:04:00,52.33,9.89,1.63,0,1,1
e7aea52a-86c,STATION_004,2023-10-15 10:45:00,35.92,3.0,5.0,0,0,0
bdd8b9ba-ea6,STATION_015,2023-10-13 10:28:00,19.75,3.52,1.1,0,0,1
129335d4-b2d,STATION_014,2023-11-23 05:06:00,97.36,6.91,11.55,0,0,0
8a97d9db-79d,STATION_012,2023-11-28 00:20:00,78.9,60.43,77.45,0,0,1
564499e0-73b,STATION_015,2023-10-11 22:51:00,91.51,8.23,11.56,0,0,0
6cd28498-189,STATION_013,2023-11-27 04:50:00,49.3,13.27,12.07,1,0,0
767c50b4-d00,STATION_013,2023-12-05 17:19:00,26.2,12.94,5.9,1,0,0
cb07b1f1-4ac,STATION_015,2023-10-19 11:47:00,79.78,11.02,12.91,0,1,1
3dee3585-0b8,STATION_003,2023-12-04 21:16:00,73.03,15.43,16.76,0,0,0
1350eb05-f87,STATION_014,2023-11-08 20:01:00,108.44,10.81,21.41,0,0,0
0630949a-cf7,STATION_002,2023-11-03 04:51:00,98.35,13.68,24.88,0,0,0
d03c0a70-427,STATION_006,2023-10-03 10:03:00,23.66,10.73,5.0,0,0,0
fe0d573d-2f8,STATION_007,2023-11-05 14:02:00,73.94,16.32,21.78,0,0,0
baee433f-da5,STATION_017,2023-10-24 12:50:00,110.06,8.65,16.4,0,0,0
2ea77171-ff5,STATION_011,2023-10-28 13:42:00,21.58,6.38,5.0,0,0,0
a84f35ba-d41,STATION_006,2023-12-29 18:45:00,44.28,11.8,9.89,0,0,0
6fcf4137-578,STATION_016,2023-11-02 22:59:00,115.29,5.32,8.92,0,0,0
64963934-714,STATION_006,2023-11-05 19:33:00,73.24,13.39,18.25,0,0,0
e93653af-21d,STATION_004,2023-10-20 08:25:00,76.45,10.26,12.34,0,0,0
adfcc1f5-408,STATION_014,2023-10-18 13:43:00,61.52,16.62,17.01,1,0,0
ca58623c-5e3,STATION_011,2023-11-17 03:19:00,98.73,9.41,16.22,1,0,0
fcb5344c-3db,STATION_018,2023-12-07 00:48:00,89.44,7.76,11.75,0,0,0
4392d6f1-cf1,STATION_014,2023-12-07 11:06:00,111.17,10.37,19.88,0,0,0
fc308f4e-c8e,STATION_004,2023-10-18 22:45:00,51.63,15.05,11.82,0,0,0
8d28827e-360,STATION_003,2023-11-02 18:56:00,38.23,14.6,10.21,0,0,0
c1bb7f19-cd4,STATION_005,2023-10-24 18:16:00,110.45,6.91,11.5,0,0,0
68421144-671,STATION_018,2023-11-17 04:32:00,94.2,9.06,16.0,1,0,0
04726f38-2ba,STATION_003,2023-10-18 11:57:00,37.88,10.92,7.28,0,0,0
c0de360c-47b,STATION_008,2023-12-08 15:25:00,62.43,8.56,8.75,0,0,0
a4bc6b42-66b,STATION_009,2023-11-02 15:45:00,78.11,13.97,19.96,15,0,1
99550dbc-86c,STATION_013,2023-12-25 09:17:00,27.41,12.54,5.56,1,0,0
f3feba6e-8e8,STATION_015,2023-11-29 19:14:00,104.79,12.59,20.97,2,0,0
dc8d4a93-503,STATION_019,2023-12-08 11:37:00,50.24,11.58,10.47,0,0,0
47f8975a-277,STATION_017,2023-12-18 23:44:00,97.32,15.92,23.12,1,0,0
abcd865e-f39,STATION_005,2023-10-15 23:04:00,30.75,10.81,18.57,1,0,1
2ab8fe28-82d,STATION_001,2023-10-17 02:17:00,20.92,11.96,5.0,1,0,0
072ebfca-0ea,STATION_018,2023-12-18 02:51:00,99.19,4.47,6.51,1,0,0
2b668fa8-b02,STATION_006,2023-10-14 03:51:00,116.2,14.98,26.83,0,0,0
bedae738-c67,STATION_018,2023-11-13 12:06:00,64.89,11.14,11.64,1,0,0
d6269a3c-6c3,STATION_013,2023-10-12 21:06:00,118.41,80.64,122.43,0,0,1
106d06a2-e54,STATION_013,2023-11-10 14:37:00,79.49,14.07,16.06,1,0,0
ec33a30a-939,STATION_006,2023-12-31 16:28:00,35.45,3.15,5.0,1,0,0
60ec194d-da0,STATION_012,2023-11-14 12:42:00,25.85,6.89,5.0,0,0,0
a689308c-d40,STATION_002,2023-10-07 15:05:00,44.8,13.24,10.18,0,0,0
8c13399e-275,STATION_011,2023-12-13 13:48:00,44.88,11.4,9.5,0,0,0
02639e13-3bc,STATION_018,2023-11-17 21:02:00,58.56,78.89,66.16,2,1,1
1cd44a77-746,STATION_014,2023-10-03 01:47:00,106.73,13.55,25.91,0,0,0
7ffdd255-7e9,STATION_004,2023-12-13 07:56:00,114.58,11.14,18.17,0,0,0
410a20ab-541,STATION_020,2023-11-04 07:20:00,48.34,11.99,9.02,0,0,0
bc4bc6d4-609,STATION_010,2023-12-26 07:56:00,87.55,8.88,12.59,1,0,0
6cfc0913-74f,STATION_007,2023-12-31 11:31:00,117.43,17.83,38.67,0,0,0
f6252181-caf,STATION_020,2023-10-03 03:35:00,360.29,12.0,67.69,1,0,1
e12d1797-d9e,STATION_001,2023-11-14 12:56:00,39.0,3.59,5.0,1,0,0
40cdd384-1bd,STATION_013,2023-12-04 23:18:00,80.94,16.18,23.99,0,0,0
4ba1fa6e-0ff,STATION_010,2023-12-10 06:00:00,53.06,11.61,8.89,0,0,0
1b7e15c9-b60,STATION_005,2023-12-02 14:28:00,19.23,13.7,5.0,0,0,0
c1cac9be-6d9,STATION_017,2023-10-17 10:29:00,96.88,8.94,12.44,0,0,0
145f5921-89a,STATION_015,2023-12-19 22:59:00,81.56,8.21,9.73,2,0,0
d4b5bc36-c4c,STATION_012,2023-12-09 02:07:00,108.98,8.16,15.65,0,0,0
60e41d42-e22,STATION_008,2023-11-11 21:43:00,28.8,11.63,5.19,0,0,0
6ada7d05-6d4,STATION_015,2023-11-30 20:43:00,50.24,14.17,12.09,1,0,0
0d00daa8-648,STATION_013,2023-11-01 16:17:00,69.3,10.46,13.57,1,0,0
a58e3ed1-f64,STATION_020,2023-11-17 07:44:00,75.22,11.56,16.48,0,0,0
1702c696-b72,STATION_016,2023-11-24 15:54:00,33.55,13.59,7.19,0,0,0
d285ac5b-445,STATION_017,2023-12-07 00:28:00,95.56,12.66,21.26,0,0,0
2a9d9dd6-502,STATION_020,2023-11-08 00:04:00,58.4,14.06,13.88,0,0,0
3fa5a226-436,STATION_020,2023-12-18 15:46:00,27.22,9.68,5.0,1,0,0
2c3257b5-8f0,STATION_018,2023-11-26 14:30:00,102.76,15.38,23.76,0,0,0
efdc0e67-5c5,STATION_012,2023-11-05 08:05:00,17.56,11.25,5.0,2,0,0
e1cad2e6-f4f,STATION_011,2023-11-12 00:46:00,55.58,11.91,11.24,0,0,0
2283753e-dc3,STATION_003,2023-10-26 06:03:00,30.95,14.62,6.72,0,0,0
72fef084-032,STATION_015,2023-12-24 14:03:00,74.33,10.88,14.24,1,0,0
573b346b-2cf,STATION_017,2023-12-23 21:41:00,55.33,11.62,9.23,2,0,0
ce17f9e7-cca,STATION_003,2023-11-06 12:36:00,117.53,8.96,19.95,1,0,0
15a4e5ef-c94,STATION_014,2023-10-29 18:15:00,28.28,9.77,5.0,0,0,0
a9d85cce-0f2,STATION_004,2023-11-18 19:06:00,85.28,10.16,12.45,1,0,0
4061da14-6cd,STATION_020,2023-11-24 06:33:00,101.15,11.8,18.82,0,0,0
d0c7267d-28d,STATION_003,2023-11-10 12:54:00,104.5,9.79,19.55,0,0,0
7c70422a-2dd,STATION_002,2023-11-26 02:35:00,82.1,9.8,15.23,1,0,0
3a947a12-0e3,STATION_014,2023-12-29 06:37:00,93.24,12.84,17.32,0,0,0
291d2042-5e3,STATION_018,2023-12-10 04:31:00,79.73,11.69,13.65,0,0,0
557b874b-0a9,STATION_008,2023-10-26 08:15:00,74.28,14.78,20.66,1,0,0
19fb49d9-40c,STATION_017,2023-12-27 17:42:00,85.04,10.24,15.05,0,0,0
d9499c5f-470,STATION_015,2023-12-25 12:12:00,71.96,14.13,16.91,0,0,0
b3554d39-b4c,STATION_019,2023-11-22 09:40:00,23.12,9.12,5.0,1,0,0
eeb1f6a5-00f,STATION_001,2023-10-08 21:09:00,50.2,9.71,7.33,0,0,0
ad248b93-0a5,STATION_007,2023-10-28 10:32:00,96.42,10.85,19.43,0,0,1
56f32b90-91c,STATION_003,2023-12-09 08:00:00,118.98,14.54,29.79,0,0,0
61f53908-144,STATION_020,2023-11-12 01:48:00,86.4,12.95,21.42,0,0,0
cc0c8b36-30b,STATION_019,2023-11-04 23:05:00,20.05,13.32,5.05,1,1,0
f88d2c28-31b,STATION_006,2023-10-21 19:13:00,18.72,12.52,5.0,0,0,0
b7e7d7e6-05f,STATION_002,2023-10-07 21:49:00,111.41,11.86,25.24,1,0,0
c1b43747-de4,STATION_004,2023-12-29 15:53:00,50.41,5.26,5.0,1,0,0
6ebd55f6-8a9,STATION_017,2023-12-18 16:25:00,101.2,11.17,18.44,0,0,0
98e9239b-e80,STATION_004,2023-10-11 04:05:00,111.23,8.58,15.08,0,0,0
94c635d6-9f4,STATION_017,2023-10-31 18:04:00,93.3,17.23,23.85,0,0,0
c07f0617-61b,STATION_004,2023-11-23 03:35:00,61.45,7.31,7.9,1,0,0
a9ecc197-d39,STATION_007,2023-11-29 19:38:00,94.57,12.33,19.29,0,0,0
722b448f-98b,STATION_002,2023-12-04 13:20:00,114.44,8.53,17.17,0,0,0
2819cf81-b38,STATION_011,2023-12-05 19:15:00,87.86,19.45,26.49,0,0,0
35140df2-f1d,STATION_009,2023-10-20 11:55:00,28.14,20.33,10.54,0,0,0
3c46a531-ab1,STATION_002,2023-10-16 17:19:00,18.93,3.33,5.0,0,0,0
ca90ee49-254,STATION_012,2023-12-15 20:54:00,48.68,9.2,8.53,0,0,0
ce21ea7d-918,STATION_016,2023-12-04 08:26:00,108.46,9.35,17.79,0,0,0
d457635c-080,STATION_011,2023-10-16 15:41:00,38.73,14.29,9.37,0,0,0
65e5409f-db2,STATION_009,2023-12-25 01:37:00,96.8,14.92,26.29,0,0,0
20d49c3d-c69,STATION_004,2023-10-27 09:27:00,106.04,13.62,24.64,0,0,0
f0560376-1b8,STATION_017,2023-11-17 06:59:00,36.84,10.92,6.06,1,0,0
c203bb9a-be6,STATION_003,2023-11-09 10:40:00,84.47,10.01,14.41,0,0,0
f7be5948-ba3,STATION_019,2023-11-15 16:10:00,83.87,8.25,10.49,0,0,0
6029db46-6a9,STATION_005,2023-10-24 11:52:00,86.28,11.47,15.2,0,0,0
69d08826-c56,STATION_014,2023-11-05 19:03:00,91.91,7.81,13.34,0,0,0
b9ccb4b3-f50,STATION_001,2023-12-31 04:48:00,107.74,13.69,23.29,0,0,0
1413ecbb-730,STATION_015,2023-11-07 21:26:00,16.03,11.32,5.0,0,0,0
6de19f42-a1e,STATION_007,2023-12-30 09:53:00,47.18,9.44,6.4,0,0,0
ed3a36fe-e2f,STATION_014,2023-12-31 14:48:00,40.58,13.73,3.11,0,0,1
ecff8009-278,STATION_011,2023-11-22 15:51:00,4.42,11.29,0.8,1,1,1
df4210d0-c49,STATION_007,2023-10-10 09:07:00,42.79,9.32,5.72,0,0,0
ce2eda57-6ec,STATION_020,2023-10-10 05:49:00,89.87,11.57,18.69,1,0,0
473559b7-fbd,STATION_007,2023-10-25 23:48:00,50.01,14.34,12.59,0,0,0
9f306905-3a0,STATION_014,2023-11-13 06:29:00,77.73,10.28,12.23,1,0,0
0cd89288-4d0,STATION_012,2023-11-08 04:37:00,103.02,11.53,17.01,0,0,0
86b08daf-1b6,STATION_011,2023-12-20 14:11:00,71.79,12.93,16.94,0,0,0
1a7e1332-737,STATION_014,2023-10-11 00:53:00,15.13,11.16,5.0,1,0,0
983e0010-1af,STATION_002,2023-11-08 18:35:00,28.15,10.03,5.0,2,0,0
e44bba48-a1f,STATION_002,2023-12-28 03:22:00,35.55,12.49,7.22,0,0,0
c43ba938-de4,STATION_001,2023-12-18 22:06:00,16.69,13.81,5.0,0,0,0
9ceafab5-c73,STATION_008,2023-11-10 08:48:00,101.93,14.63,22.58,0,0,0
2551045c-f17,STATION_002,2023-12-15 13:18:00,111.54,9.48,15.05,0,0,0
596b35b9-184,STATION_002,2023-11-14 10:47:00,37.92,12.27,6.92,0,0,0
e723f70c-bd2,STATION_005,2023-12-23 06:05:00,53.97,11.46,10.43,0,0,0
d68898b5-36f,STATION_005,2023-10-25 06:37:00,79.15,14.45,21.35,0,0,0
09fd322f-454,STATION_006,2023-10-15 20:35:00,69.02,8.85,9.66,1,0,0
ccdb16b8-5c5,STATION_008,2023-10-21 16:17:00,25.6,8.76,5.0,0,0,0
0743d685-4f7,STATION_002,2023-10-09 20:11:00,59.63,14.51,13.46,17,0,1
6b1e7224-ffd,STATION_016,2023-11-29 20:26:00,117.0,76.98,191.04,0,0,1
8b3a4a77-c63,STATION_002,2023-10-29 21:54:00,78.74,8.8,11.7,0,0,0
582e1d54-5d7,STATION_007,2023-11-01 13:18:00,63.25,12.35,12.48,0,0,0
7ecc3489-d44,STATION_010,2023-11-02 06:33:00,68.73,12.35,12.21,1,0,0
7b1d56d2-89e,STATION_013,2023-12-20 01:10:00,53.56,6.5,6.52,0,0,0
0521f8ac-da3,STATION_011,2023-11-25 09:24:00,76.73,10.1,14.66,0,0,0
053e3818-4a0,STATION_020,2023-12-29 05:39:00,20.74,11.96,5.0,0,0,0
18cdff3f-32b,STATION_016,2023-12-10 02:18:00,103.93,10.59,18.41,0,0,0
c955c551-98f,STATION_008,2023-10-08 16:00:00,56.58,17.23,14.46,0,0,0
c09e5f3b-474,STATION_002,2023-12-02 06:42:00,25.93,14.79,5.87,0,0,0
d33bf8f0-338,STATION_014,2023-12-30 05:11:00,113.85,11.18,20.49,2,0,0
3ddc4109-597,STATION_007,2023-10-10 04:03:00,29.23,7.98,5.0,0,0,0
f8b25453-3e0,STATION_007,2023-12-09 17:15:00,67.62,11.98,12.12,0,0,0
ebf99e19-5d3,STATION_010,2023-12-07 22:29:00,2.76,8.44,0.4,2,1,1
3ecec6fb-29a,STATION_012,2023-12-01 00:06:00,102.63,12.92,19.2,0,0,0
ab67a349-bcc,STATION_004,2023-11-23 08:05:00,43.5,13.46,8.66,0,0,0
9a4db9b2-6e6,STATION_020,2023-10-04 02:48:00,93.84,12.58,21.18,0,0,0
92bb2806-8ad,STATION_017,2023-10-09 13:37:00,36.9,3.82,0.92,0,0,1
8d00ff79-b6a,STATION_006,2023-12-09 02:23:00,114.64,12.74,81.99,0,0,1
ca4b9156-db7,STATION_011,2023-12-28 11:27:00,17.36,11.92,5.0,0,0,0
97f0a824-ffd,STATION_003,2023-12-14 14:30:00,104.57,10.27,16.8,0,0,0
7fd6cf57-b35,STATION_012,2023-10-19 17:48:00,43.63,7.69,5.45,0,0,0
df6ff261-5cb,STATION_001,2023-10-22 00:20:00,66.25,11.42,13.8,0,0,0
bfe6d883-849,STATION_004,2023-11-12 23:48:00,19.13,10.71,5.0,0,0,0
fd8f6ded-557,STATION_007,2023-10-19 17:28:00,102.17,15.94,24.74,0,0,0
1028667c-46a,STATION_005,2023-10-19 14:42:00,18.87,11.66,5.0,1,0,0
af2921e2-f54,STATION_016,2023-11-17 21:58:00,100.69,11.48,19.45,0,0,0
1bcd64ca-160,STATION_002,2023-11-14 04:22:00,50.84,13.34,10.73,0,1,0
72fcbb20-c59,STATION_009,2023-11-15 08:43:00,119.94,11.21,19.74,0,0,0
0b012cf0-8f8,STATION_020,2023-10-05 11:06:00,15.84,11.26,5.0,0,0,0
c98799a8-341,STATION_020,2023-11-12 18:37:00,113.49,10.38,17.11,0,0,0
f8f039cc-092,STATION_003,2023-12-26 20:00:00,2.14,13.99,0.52,0,1,1
f1974ed8-fc7,STATION_001,2023-11-20 06:13:00,51.42,12.6,10.59,1,0,0
4b4c6608-422,STATION_019,2023-10-29 14:46:00,41.44,17.07,12.93,0,0,0
483f3853-c97,STATION_010,2023-11-07 02:00:00,107.15,10.18,18.39,0,0,1
66728f95-0b0,STATION_017,2023-12-20 11:51:00,35.46,17.65,10.4,1,0,0
82222fe4-29f,STATION_004,2023-11-13 15:57:00,115.16,11.67,23.57,0,0,0
030226ef-8a7,STATION_006,2023-12-12 05:57:00,63.77,9.83,9.4,0,0,0
323f6eda-319,STATION_014,2023-11-08 14:13:00,95.01,11.89,19.03,1,0,0
df4ab08a-0ad,STATION_013,2023-11-30 17:02:00,29.63,13.47,6.86,0,0,0
866885df-035,STATION_017,2023-12-31 13:21:00,20.4,18.68,6.04,1,0,0
e4ff43f5-f0c,STATION_012,2023-12-02 04:24:00,51.82,13.02,10.83,0,1,0
005216cd-941,STATION_006,2023-12-31 09:38:00,25.76,16.99,7.01,2,0,0
58e0edac-750,STATION_010,2023-10-29 03:38:00,96.7,8.83,15.57,1,0,1
c3d41b9c-500,STATION_008,2023-12-12 05:47:00,27.05,10.91,5.0,0,0,0
d35e42df-e25,STATION_003,2023-12-27 07:03:00,96.97,10.34,17.37,0,0,0
7c4a5118-f08,STATION_017,2023-12-19 23:56:00,67.82,12.94,16.26,0,0,0
755fd618-45b,STATION_011,2023-12-13 21:22:00,72.43,6.21,7.44,1,0,0
ac39ce02-b32,STATION_006,2023-10-10 00:14:00,108.09,9.11,15.24,0,0,0
3bb00163-096,STATION_008,2023-10-08 23:06:00,18.15,12.04,5.0,0,0,0
188c0e61-939,STATION_007,2023-10-23 09:43:00,80.07,11.74,15.95,0,0,0
6da18138-4d2,STATION_017,2023-12-19 04:36:00,48.82,11.24,8.35,0,0,0
c7eb998e-81c,STATION_012,2023-11-27 11:09:00,24.91,14.37,5.3,0,0,0
9a5d3f5a-007,STATION_012,2023-10-27 22:46:00,63.3,8.5,8.05,1,0,0
b09fba96-85b,STATION_010,2023-10-30 20:10:00,16.11,11.36,5.0,0,0,0
a22b4678-79d,STATION_012,2023-12-02 07:29:00,77.32,6.78,7.98,0,0,0
f889d5ca-e35,STATION_019,2023-12-23 03:49:00,18.97,7.06,5.0,0,0,0
1707324b-ec2,STATION_007,2023-12-18 19:26:00,37.34,10.61,7.49,1,0,0
0341bd49-a5c,STATION_001,2023-11-04 17:49:00,83.35,10.07,12.19,0,0,0
f57736e1-886,STATION_017,2023-11-06 21:18:00,66.35,5.99,6.33,1,0,0
81f758e7-b29,STATION_016,2023-10-24 09:00:00,16.32,8.79,5.0,0,0,0
f3231534-8eb,STATION_020,2023-12-07 22:40:00,26.68,7.04,1.08,2,0,1
7190a350-f02,STATION_008,2023-10-21 04:07:00,41.49,10.87,7.08,0,0,0
23ae0682-13b,STATION_010,2023-10-29 05:48:00,77.35,11.47,13.15,0,0,1
35383f9c-a97,STATION_003,2023-10-07 02:51:00,118.58,8.84,18.45,1,0,0
ac4226cc-bb1,STATION_015,2023-11-07 08:19:00,119.53,5.15,10.5,0,0,0
082a19db-69c,STATION_012,2023-10-05 09:21:00,29.8,7.63,5.0,1,0,0
339c09c6-00d,STATION_017,2023-10-16 23:27:00,54.53,12.95,12.86,1,0,0
fd96cdaa-94b,STATION_003,2023-10-08 16:13:00,38.86,11.51,7.83,0,0,0
89ad3280-448,STATION_020,2023-10-07 03:28:00,91.62,16.24,28.08,0,0,0
cdd43af9-cba,STATION_011,2023-12-20 14:29:00,119.56,11.86,25.02,0,0,0
94923b4e-2d8,STATION_002,2023-11-16 21:56:00,61.25,10.43,11.93,1,0,0
c232c8db-dc0,STATION_019,2023-11-18 02:21:00,24.83,10.74,4.49,15,1,1
05652b82-963,STATION_010,2023-10-04 00:33:00,55.41,10.84,9.92,0,1,1
b6e59d11-b47,STATION_004,2023-11-22 11:57:00,119.52,12.68,23.64,0,0,0
